Workbook

Sheet Candidates
A1: CandidateID | B1: Name | C1: JobOpeningID | D1: Source | E1: Recruiter | F1: ApplicationDate | G1: RecruiterReviewDate | H1: ScreeningDate | I1: InterviewScheduledDate | J1: InterviewCompletedDate | K1: OfferDate | L1: OfferResponse | M1: OfferResponseDate | N1: BackgroundCheckDate | O1: HireDate | P1: CurrentStage | Q1: FinalStatus | R1: RejectionStage | S1: RejectionReason | U1: Gap_F_G | V1: Gap_G_H | W1: Gap_H_I | X1: Gap_I_J | Y1: Gap_J_K | Z1: Gap_K_M | AA1: Gap_M_N | AB1: Gap_N_O
A2: CAND-0001 | B2: Hayden Jackson | C2: JO-01 | D2: LinkedIn | E2: J. Alvarez | F2: 46080 | G2: 46085 | P2: Rejected | Q2: Rejected | R2: Recruiter Review | S2: Resume mismatch | U2: =IF(AND(F2<>"",G2<>""),G2-F2,"") -> 5 | V2: =IF(AND(G2<>"",H2<>""),H2-G2,"") | W2: =IF(AND(H2<>"",I2<>""),I2-H2,"") | X2: =IF(AND(I2<>"",J2<>""),J2-I2,"") | Y2: =IF(AND(J2<>"",K2<>""),K2-J2,"") | Z2: =IF(AND(K2<>"",M2<>""),M2-K2,"") | AA2: =IF(AND(M2<>"",N2<>""),N2-M2,"") | AB2: =IF(AND(N2<>"",O2<>""),O2-N2,"")
A3: CAND-0002 | B3: Taylor Garcia | C3: JO-01 | D3: LinkedIn | E3: J. Alvarez | F3: 46113 | G3: 46118 | H3: 46124 | I3: 46129 | J3: 46133 | K3: 46136 | L3: Accepted | M3: 46140 | N3: 46148 | O3: 46151 | P3: Hired | Q3: Hired | U3: =IF(AND(F3<>"",G3<>""),G3-F3,"") -> 5 | V3: =IF(AND(G3<>"",H3<>""),H3-G3,"") -> 6 | W3: =IF(AND(H3<>"",I3<>""),I3-H3,"") -> 5 | X3: =IF(AND(I3<>"",J3<>""),J3-I3,"") -> 4 | Y3: =IF(AND(J3<>"",K3<>""),K3-J3,"") -> 3 | Z3: =IF(AND(K3<>"",M3<>""),M3-K3,"") -> 4 | AA3: =IF(AND(M3<>"",N3<>""),N3-M3,"") -> 8 | AB3: =IF(AND(N3<>"",O3<>""),O3-N3,"") -> 3
A4: CAND-0003 | B4: Sydney Brown | C4: JO-01 | D4: LinkedIn | E4: J. Alvarez | F4: 46078 | G4: 46081 | H4: 46087 | I4: 46104 | J4: 46108 | P4: Rejected | Q4: Rejected | R4: Interview | S4: Failed technical assessment | U4: =IF(AND(F4<>"",G4<>""),G4-F4,"") -> 3 | V4: =IF(AND(G4<>"",H4<>""),H4-G4,"") -> 6 | W4: =IF(AND(H4<>"",I4<>""),I4-H4,"") -> 17 | X4: =IF(AND(I4<>"",J4<>""),J4-I4,"") -> 4 | Y4: =IF(AND(J4<>"",K4<>""),K4-J4,"") | Z4: =IF(AND(K4<>"",M4<>""),M4-K4,"") | AA4: =IF(AND(M4<>"",N4<>""),N4-M4,"") | AB4: =IF(AND(N4<>"",O4<>""),O4-N4,"")
A5: CAND-0004 | B5: Elliot Taylor | C5: JO-01 | D5: Indeed | E5: J. Alvarez | F5: 46065 | G5: 46067 | H5: 46069 | I5: 46074 | J5: 46078 | K5: 46083 | L5: Accepted | M5: 46087 | N5: 46093 | O5: 46095 | P5: Hired | Q5: Hired | U5: =IF(AND(F5<>"",G5<>""),G5-F5,"") -> 2 | V5: =IF(AND(G5<>"",H5<>""),H5-G5,"") -> 2 | W5: =IF(AND(H5<>"",I5<>""),I5-H5,"") -> 5 | X5: =IF(AND(I5<>"",J5<>""),J5-I5,"") -> 4 | Y5: =IF(AND(J5<>"",K5<>""),K5-J5,"") -> 5 | Z5: =IF(AND(K5<>"",M5<>""),M5-K5,"") -> 4 | AA5: =IF(AND(M5<>"",N5<>""),N5-M5,"") -> 6 | AB5: =IF(AND(N5<>"",O5<>""),O5-N5,"") -> 2
A6: CAND-0005 | B6: Avery Roberts | C6: JO-01 | D6: Indeed | E6: J. Alvarez | F6: 46095 | G6: 46099 | H6: 46105 | I6: 46115 | J6: 46116 | K6: 46122 | L6: Declined | M6: 46128 | P6: Rejected | Q6: Rejected | R6: Offer | S6: Candidate withdrew | U6: =IF(AND(F6<>"",G6<>""),G6-F6,"") -> 4 | V6: =IF(AND(G6<>"",H6<>""),H6-G6,"") -> 6 | W6: =IF(AND(H6<>"",I6<>""),I6-H6,"") -> 10 | X6: =IF(AND(I6<>"",J6<>""),J6-I6,"") -> 1 | Y6: =IF(AND(J6<>"",K6<>""),K6-J6,"") -> 6 | Z6: =IF(AND(K6<>"",M6<>""),M6-K6,"") -> 6 | AA6: =IF(AND(M6<>"",N6<>""),N6-M6,"") | AB6: =IF(AND(N6<>"",O6<>""),O6-N6,"")
A7: CAND-0006 | B7: Blake Thomas | C7: JO-01 | D7: Indeed | E7: J. Alvarez | F7: 46155 | G7: 46159 | P7: Rejected | Q7: Rejected | R7: Recruiter Review | S7: Underqualified | U7: =IF(AND(F7<>"",G7<>""),G7-F7,"") -> 4 | V7: =IF(AND(G7<>"",H7<>""),H7-G7,"") | W7: =IF(AND(H7<>"",I7<>""),I7-H7,"") | X7: =IF(AND(I7<>"",J7<>""),J7-I7,"") | Y7: =IF(AND(J7<>"",K7<>""),K7-J7,"") | Z7: =IF(AND(K7<>"",M7<>""),M7-K7,"") | AA7: =IF(AND(M7<>"",N7<>""),N7-M7,"") | AB7: =IF(AND(N7<>"",O7<>""),O7-N7,"")
A8: CAND-0007 | B8: Bailey White | C8: JO-02 | D8: Indeed | E8: M. Chen | F8: 46163 | G8: 46168 | H8: 46171 | I8: 46188 | J8: 46189 | K8: 46193 | L8: Accepted | M8: 46197 | N8: 46206 | O8: 46211 | P8: Hired | Q8: Hired | U8: =IF(AND(F8<>"",G8<>""),G8-F8,"") -> 5 | V8: =IF(AND(G8<>"",H8<>""),H8-G8,"") -> 3 | W8: =IF(AND(H8<>"",I8<>""),I8-H8,"") -> 17 | X8: =IF(AND(I8<>"",J8<>""),J8-I8,"") -> 1 | Y8: =IF(AND(J8<>"",K8<>""),K8-J8,"") -> 4 | Z8: =IF(AND(K8<>"",M8<>""),M8-K8,"") -> 4 | AA8: =IF(AND(M8<>"",N8<>""),N8-M8,"") -> 9 | AB8: =IF(AND(N8<>"",O8<>""),O8-N8,"") -> 5
A9: CAND-0008 | B9: Finley Adams | C9: JO-02 | D9: Referral | E9: M. Chen | F9: 46195 | G9: 46196 | H9: 46198 | I9: 46202 | J9: 46203 | P9: Rejected | Q9: Rejected | R9: Interview | S9: Not selected - other candidate | U9: =IF(AND(F9<>"",G9<>""),G9-F9,"") -> 1 | V9: =IF(AND(G9<>"",H9<>""),H9-G9,"") -> 2 | W9: =IF(AND(H9<>"",I9<>""),I9-H9,"") -> 4 | X9: =IF(AND(I9<>"",J9<>""),J9-I9,"") -> 1 | Y9: =IF(AND(J9<>"",K9<>""),K9-J9,"") | Z9: =IF(AND(K9<>"",M9<>""),M9-K9,"") | AA9: =IF(AND(M9<>"",N9<>""),N9-M9,"") | AB9: =IF(AND(N9<>"",O9<>""),O9-N9,"")
A10: CAND-0009 | B10: Reagan Nguyen | C10: JO-02 | D10: University Fair | E10: M. Chen | F10: 46121 | G10: 46126 | H10: 46132 | I10: 46136 | J10: 46138 | K10: 46142 | L10: Accepted | M10: 46152 | N10: 46155 | O10: 46160 | P10: Hired | Q10: Hired | U10: =IF(AND(F10<>"",G10<>""),G10-F10,"") -> 5 | V10: =IF(AND(G10<>"",H10<>""),H10-G10,"") -> 6 | W10: =IF(AND(H10<>"",I10<>""),I10-H10,"") -> 4 | X10: =IF(AND(I10<>"",J10<>""),J10-I10,"") -> 2 | Y10: =IF(AND(J10<>"",K10<>""),K10-J10,"") -> 4 | Z10: =IF(AND(K10<>"",M10<>""),M10-K10,"") -> 10 | AA10: =IF(AND(M10<>"",N10<>""),N10-M10,"") -> 3 | AB10: =IF(AND(N10<>"",O10<>""),O10-N10,"") -> 5
A11: CAND-0010 | B11: Jordan Davis | C11: JO-02 | D11: Career Site | E11: M. Chen | F11: 46132 | G11: 46134 | P11: Rejected | Q11: Rejected | R11: Recruiter Review | S11: Salary expectations too high | U11: =IF(AND(F11<>"",G11<>""),G11-F11,"") -> 2 | V11: =IF(AND(G11<>"",H11<>""),H11-G11,"") | W11: =IF(AND(H11<>"",I11<>""),I11-H11,"") | X11: =IF(AND(I11<>"",J11<>""),J11-I11,"") | Y11: =IF(AND(J11<>"",K11<>""),K11-J11,"") | Z11: =IF(AND(K11<>"",M11<>""),M11-K11,"") | AA11: =IF(AND(M11<>"",N11<>""),N11-M11,"") | AB11: =IF(AND(N11<>"",O11<>""),O11-N11,"")
A12: CAND-0011 | B12: Riley Patel | C12: JO-02 | D12: Indeed | E12: M. Chen | F12: 46071 | G12: 46076 | H12: 46079 | I12: 46082 | J12: 46087 | K12: 46093 | L12: Accepted | M12: 46098 | N12: 46104 | O12: 46109 | P12: Hired | Q12: Hired | U12: =IF(AND(F12<>"",G12<>""),G12-F12,"") -> 5 | V12: =IF(AND(G12<>"",H12<>""),H12-G12,"") -> 3 | W12: =IF(AND(H12<>"",I12<>""),I12-H12,"") -> 3 | X12: =IF(AND(I12<>"",J12<>""),J12-I12,"") -> 5 | Y12: =IF(AND(J12<>"",K12<>""),K12-J12,"") -> 6 | Z12: =IF(AND(K12<>"",M12<>""),M12-K12,"") -> 5 | AA12: =IF(AND(M12<>"",N12<>""),N12-M12,"") -> 6 | AB12: =IF(AND(N12<>"",O12<>""),O12-N12,"") -> 5
A13: CAND-0012 | B13: Elliot Baker | C13: JO-02 | D13: Career Site | E13: M. Chen | F13: 46169 | G13: 46170 | H13: 46172 | I13: 46175 | J13: 46176 | P13: Rejected | Q13: Rejected | R13: Interview | S13: Interview no-show | U13: =IF(AND(F13<>"",G13<>""),G13-F13,"") -> 1 | V13: =IF(AND(G13<>"",H13<>""),H13-G13,"") -> 2 | W13: =IF(AND(H13<>"",I13<>""),I13-H13,"") -> 3 | X13: =IF(AND(I13<>"",J13<>""),J13-I13,"") -> 1 | Y13: =IF(AND(J13<>"",K13<>""),K13-J13,"") | Z13: =IF(AND(K13<>"",M13<>""),M13-K13,"") | AA13: =IF(AND(M13<>"",N13<>""),N13-M13,"") | AB13: =IF(AND(N13<>"",O13<>""),O13-N13,"")
A14: CAND-0013 | B14: Morgan Moore | C14: JO-02 | D14: LinkedIn | E14: M. Chen | F14: 46062 | G14: 46065 | P14: Rejected | Q14: Rejected | R14: Recruiter Review | S14: Underqualified | U14: =IF(AND(F14<>"",G14<>""),G14-F14,"") -> 3 | V14: =IF(AND(G14<>"",H14<>""),H14-G14,"") | W14: =IF(AND(H14<>"",I14<>""),I14-H14,"") | X14: =IF(AND(I14<>"",J14<>""),J14-I14,"") | Y14: =IF(AND(J14<>"",K14<>""),K14-J14,"") | Z14: =IF(AND(K14<>"",M14<>""),M14-K14,"") | AA14: =IF(AND(M14<>"",N14<>""),N14-M14,"") | AB14: =IF(AND(N14<>"",O14<>""),O14-N14,"")
A15: CAND-0014 | B15: Hayden Carter | C15: JO-02 | D15: LinkedIn | E15: M. Chen | F15: 46087 | G15: 46092 | H15: 46095 | I15: 46098 | J15: 46099 | K15: 46104 | L15: Accepted | M15: 46112 | N15: 46115 | O15: 46117 | P15: Hired | Q15: Hired | U15: =IF(AND(F15<>"",G15<>""),G15-F15,"") -> 5 | V15: =IF(AND(G15<>"",H15<>""),H15-G15,"") -> 3 | W15: =IF(AND(H15<>"",I15<>""),I15-H15,"") -> 3 | X15: =IF(AND(I15<>"",J15<>""),J15-I15,"") -> 1 | Y15: =IF(AND(J15<>"",K15<>""),K15-J15,"") -> 5 | Z15: =IF(AND(K15<>"",M15<>""),M15-K15,"") -> 8 | AA15: =IF(AND(M15<>"",N15<>""),N15-M15,"") -> 3 | AB15: =IF(AND(N15<>"",O15<>""),O15-N15,"") -> 2
A16: CAND-0015 | B16: Morgan Wright | C16: JO-02 | D16: Indeed | E16: M. Chen | F16: 46081 | G16: 46083 | H16: 46089 | I16: 46103 | J16: 46105 | K16: 46108 | L16: Accepted | M16: 46117 | N16: 46121 | O16: 46123 | P16: Hired | Q16: Hired | U16: =IF(AND(F16<>"",G16<>""),G16-F16,"") -> 2 | V16: =IF(AND(G16<>"",H16<>""),H16-G16,"") -> 6 | W16: =IF(AND(H16<>"",I16<>""),I16-H16,"") -> 14 | X16: =IF(AND(I16<>"",J16<>""),J16-I16,"") -> 2 | Y16: =IF(AND(J16<>"",K16<>""),K16-J16,"") -> 3 | Z16: =IF(AND(K16<>"",M16<>""),M16-K16,"") -> 9 | AA16: =IF(AND(M16<>"",N16<>""),N16-M16,"") -> 4 | AB16: =IF(AND(N16<>"",O16<>""),O16-N16,"") -> 2
A17: CAND-0016 | B17: Riley Jackson | C17: JO-02 | D17: LinkedIn | E17: M. Chen | F17: 46178 | G17: 46182 | H17: 46187 | I17: 46197 | J17: 46200 | K17: 46206 | L17: Accepted | M17: 46212 | N17: 46222 | O17: 46226 | P17: Hired | Q17: Hired | U17: =IF(AND(F17<>"",G17<>""),G17-F17,"") -> 4 | V17: =IF(AND(G17<>"",H17<>""),H17-G17,"") -> 5 | W17: =IF(AND(H17<>"",I17<>""),I17-H17,"") -> 10 | X17: =IF(AND(I17<>"",J17<>""),J17-I17,"") -> 3 | Y17: =IF(AND(J17<>"",K17<>""),K17-J17,"") -> 6 | Z17: =IF(AND(K17<>"",M17<>""),M17-K17,"") -> 6 | AA17: =IF(AND(M17<>"",N17<>""),N17-M17,"") -> 10 | AB17: =IF(AND(N17<>"",O17<>""),O17-N17,"") -> 4
A18: CAND-0017 | B18: Reese Johnson | C18: JO-02 | D18: Indeed | E18: M. Chen | F18: 46192 | G18: 46193 | H18: 46195 | P18: Rejected | Q18: Rejected | R18: Screening | S18: Compensation mismatch | U18: =IF(AND(F18<>"",G18<>""),G18-F18,"") -> 1 | V18: =IF(AND(G18<>"",H18<>""),H18-G18,"") -> 2 | W18: =IF(AND(H18<>"",I18<>""),I18-H18,"") | X18: =IF(AND(I18<>"",J18<>""),J18-I18,"") | Y18: =IF(AND(J18<>"",K18<>""),K18-J18,"") | Z18: =IF(AND(K18<>"",M18<>""),M18-K18,"") | AA18: =IF(AND(M18<>"",N18<>""),N18-M18,"") | AB18: =IF(AND(N18<>"",O18<>""),O18-N18,"")
A19: CAND-0018 | B19: Wren Perez | C19: JO-02 | D19: LinkedIn | E19: M. Chen | F19: 46184 | G19: 46185 | H19: 46187 | I19: 46190 | J19: 46191 | K19: 46198 | L19: Accepted | M19: 46203 | N19: 46206 | O19: 46211 | P19: Hired | Q19: Hired | U19: =IF(AND(F19<>"",G19<>""),G19-F19,"") -> 1 | V19: =IF(AND(G19<>"",H19<>""),H19-G19,"") -> 2 | W19: =IF(AND(H19<>"",I19<>""),I19-H19,"") -> 3 | X19: =IF(AND(I19<>"",J19<>""),J19-I19,"") -> 1 | Y19: =IF(AND(J19<>"",K19<>""),K19-J19,"") -> 7 | Z19: =IF(AND(K19<>"",M19<>""),M19-K19,"") -> 5 | AA19: =IF(AND(M19<>"",N19<>""),N19-M19,"") -> 3 | AB19: =IF(AND(N19<>"",O19<>""),O19-N19,"") -> 5
A20: CAND-0019 | B20: Adrian Young | C20: JO-02 | D20: Career Site | E20: M. Chen | F20: 46106 | G20: 46109 | H20: 46114 | I20: 46119 | J20: 46120 | P20: Rejected | Q20: Rejected | R20: Interview | S20: Interview no-show | U20: =IF(AND(F20<>"",G20<>""),G20-F20,"") -> 3 | V20: =IF(AND(G20<>"",H20<>""),H20-G20,"") -> 5 | W20: =IF(AND(H20<>"",I20<>""),I20-H20,"") -> 5 | X20: =IF(AND(I20<>"",J20<>""),J20-I20,"") -> 1 | Y20: =IF(AND(J20<>"",K20<>""),K20-J20,"") | Z20: =IF(AND(K20<>"",M20<>""),M20-K20,"") | AA20: =IF(AND(M20<>"",N20<>""),N20-M20,"") | AB20: =IF(AND(N20<>"",O20<>""),O20-N20,"")
A21: CAND-0020 | B21: Sam Kim | C21: JO-02 | D21: Referral | E21: M. Chen | F21: 46183 | G21: 46186 | P21: Rejected | Q21: Rejected | R21: Recruiter Review | S21: Resume mismatch | U21: =IF(AND(F21<>"",G21<>""),G21-F21,"") -> 3 | V21: =IF(AND(G21<>"",H21<>""),H21-G21,"") | W21: =IF(AND(H21<>"",I21<>""),I21-H21,"") | X21: =IF(AND(I21<>"",J21<>""),J21-I21,"") | Y21: =IF(AND(J21<>"",K21<>""),K21-J21,"") | Z21: =IF(AND(K21<>"",M21<>""),M21-K21,"") | AA21: =IF(AND(M21<>"",N21<>""),N21-M21,"") | AB21: =IF(AND(N21<>"",O21<>""),O21-N21,"")
A22: CAND-0021 | B22: Elliot Clark | C22: JO-03 | D22: LinkedIn | E22: J. Alvarez | F22: 46193 | G22: 46196 | H22: 46202 | P22: Rejected | Q22: Rejected | R22: Screening | S22: Poor culture fit signal | U22: =IF(AND(F22<>"",G22<>""),G22-F22,"") -> 3 | V22: =IF(AND(G22<>"",H22<>""),H22-G22,"") -> 6 | W22: =IF(AND(H22<>"",I22<>""),I22-H22,"") | X22: =IF(AND(I22<>"",J22<>""),J22-I22,"") | Y22: =IF(AND(J22<>"",K22<>""),K22-J22,"") | Z22: =IF(AND(K22<>"",M22<>""),M22-K22,"") | AA22: =IF(AND(M22<>"",N22<>""),N22-M22,"") | AB22: =IF(AND(N22<>"",O22<>""),O22-N22,"")
A23: CAND-0022 | B23: Dakota Brown | C23: JO-03 | D23: Career Site | E23: J. Alvarez | F23: 46088 | G23: 46091 | P23: Rejected | Q23: Rejected | R23: Recruiter Review | S23: Underqualified | U23: =IF(AND(F23<>"",G23<>""),G23-F23,"") -> 3 | V23: =IF(AND(G23<>"",H23<>""),H23-G23,"") | W23: =IF(AND(H23<>"",I23<>""),I23-H23,"") | X23: =IF(AND(I23<>"",J23<>""),J23-I23,"") | Y23: =IF(AND(J23<>"",K23<>""),K23-J23,"") | Z23: =IF(AND(K23<>"",M23<>""),M23-K23,"") | AA23: =IF(AND(M23<>"",N23<>""),N23-M23,"") | AB23: =IF(AND(N23<>"",O23<>""),O23-N23,"")
A24: CAND-0023 | B24: Cameron Harris | C24: JO-03 | D24: LinkedIn | E24: J. Alvarez | F24: 46107 | G24: 46110 | H24: 46114 | I24: 46124 | J24: 46130 | K24: 46135 | L24: Declined | M24: 46137 | P24: Rejected | Q24: Rejected | R24: Offer | S24: Accepted competing offer | U24: =IF(AND(F24<>"",G24<>""),G24-F24,"") -> 3 | V24: =IF(AND(G24<>"",H24<>""),H24-G24,"") -> 4 | W24: =IF(AND(H24<>"",I24<>""),I24-H24,"") -> 10 | X24: =IF(AND(I24<>"",J24<>""),J24-I24,"") -> 6 | Y24: =IF(AND(J24<>"",K24<>""),K24-J24,"") -> 5 | Z24: =IF(AND(K24<>"",M24<>""),M24-K24,"") -> 2 | AA24: =IF(AND(M24<>"",N24<>""),N24-M24,"") | AB24: =IF(AND(N24<>"",O24<>""),O24-N24,"")
A25: CAND-0024 | B25: Emerson Anderson | C25: JO-03 | D25: Indeed | E25: J. Alvarez | F25: 46195 | G25: 46199 | H25: 46201 | P25: Rejected | Q25: Rejected | R25: Screening | S25: Poor culture fit signal | U25: =IF(AND(F25<>"",G25<>""),G25-F25,"") -> 4 | V25: =IF(AND(G25<>"",H25<>""),H25-G25,"") -> 2 | W25: =IF(AND(H25<>"",I25<>""),I25-H25,"") | X25: =IF(AND(I25<>"",J25<>""),J25-I25,"") | Y25: =IF(AND(J25<>"",K25<>""),K25-J25,"") | Z25: =IF(AND(K25<>"",M25<>""),M25-K25,"") | AA25: =IF(AND(M25<>"",N25<>""),N25-M25,"") | AB25: =IF(AND(N25<>"",O25<>""),O25-N25,"")
A26: CAND-0025 | B26: Cameron Roberts | C26: JO-03 | D26: LinkedIn | E26: J. Alvarez | F26: 46148 | G26: 46153 | H26: 46158 | I26: 46168 | J26: 46170 | K26: 46178 | L26: Accepted | M26: 46181 | N26: 46190 | O26: 46193 | P26: Hired | Q26: Hired | U26: =IF(AND(F26<>"",G26<>""),G26-F26,"") -> 5 | V26: =IF(AND(G26<>"",H26<>""),H26-G26,"") -> 5 | W26: =IF(AND(H26<>"",I26<>""),I26-H26,"") -> 10 | X26: =IF(AND(I26<>"",J26<>""),J26-I26,"") -> 2 | Y26: =IF(AND(J26<>"",K26<>""),K26-J26,"") -> 8 | Z26: =IF(AND(K26<>"",M26<>""),M26-K26,"") -> 3 | AA26: =IF(AND(M26<>"",N26<>""),N26-M26,"") -> 9 | AB26: =IF(AND(N26<>"",O26<>""),O26-N26,"") -> 3
A27: CAND-0026 | B27: Rowan Anderson | C27: JO-03 | D27: University Fair | E27: J. Alvarez | F27: 46099 | G27: 46103 | P27: Rejected | Q27: Rejected | R27: Recruiter Review | S27: Salary expectations too high | U27: =IF(AND(F27<>"",G27<>""),G27-F27,"") -> 4 | V27: =IF(AND(G27<>"",H27<>""),H27-G27,"") | W27: =IF(AND(H27<>"",I27<>""),I27-H27,"") | X27: =IF(AND(I27<>"",J27<>""),J27-I27,"") | Y27: =IF(AND(J27<>"",K27<>""),K27-J27,"") | Z27: =IF(AND(K27<>"",M27<>""),M27-K27,"") | AA27: =IF(AND(M27<>"",N27<>""),N27-M27,"") | AB27: =IF(AND(N27<>"",O27<>""),O27-N27,"")
A28: CAND-0027 | B28: Sydney Scott | C28: JO-03 | D28: Career Site | E28: J. Alvarez | F28: 46117 | G28: 46120 | H28: 46122 | I28: 46139 | J28: 46141 | K28: 46147 | L28: Accepted | M28: 46154 | N28: 46160 | O28: 46163 | P28: Hired | Q28: Hired | U28: =IF(AND(F28<>"",G28<>""),G28-F28,"") -> 3 | V28: =IF(AND(G28<>"",H28<>""),H28-G28,"") -> 2 | W28: =IF(AND(H28<>"",I28<>""),I28-H28,"") -> 17 | X28: =IF(AND(I28<>"",J28<>""),J28-I28,"") -> 2 | Y28: =IF(AND(J28<>"",K28<>""),K28-J28,"") -> 6 | Z28: =IF(AND(K28<>"",M28<>""),M28-K28,"") -> 7 | AA28: =IF(AND(M28<>"",N28<>""),N28-M28,"") -> 6 | AB28: =IF(AND(N28<>"",O28<>""),O28-N28,"") -> 3
A29: CAND-0028 | B29: Harper Walker | C29: JO-03 | D29: LinkedIn | E29: J. Alvarez | F29: 46071 | G29: 46074 | H29: 46080 | I29: 46084 | J29: 46085 | K29: 46090 | L29: Accepted | M29: 46094 | N29: 46101 | P29: Rejected | Q29: Rejected | R29: Background Check | S29: Failed background check | U29: =IF(AND(F29<>"",G29<>""),G29-F29,"") -> 3 | V29: =IF(AND(G29<>"",H29<>""),H29-G29,"") -> 6 | W29: =IF(AND(H29<>"",I29<>""),I29-H29,"") -> 4 | X29: =IF(AND(I29<>"",J29<>""),J29-I29,"") -> 1 | Y29: =IF(AND(J29<>"",K29<>""),K29-J29,"") -> 5 | Z29: =IF(AND(K29<>"",M29<>""),M29-K29,"") -> 4 | AA29: =IF(AND(M29<>"",N29<>""),N29-M29,"") -> 7 | AB29: =IF(AND(N29<>"",O29<>""),O29-N29,"")
A30: CAND-0029 | B30: Logan Hall | C30: JO-03 | D30: Indeed | E30: J. Alvarez | F30: 46134 | G30: 46138 | H30: 46144 | P30: Rejected | Q30: Rejected | R30: Screening | S30: Poor culture fit signal | U30: =IF(AND(F30<>"",G30<>""),G30-F30,"") -> 4 | V30: =IF(AND(G30<>"",H30<>""),H30-G30,"") -> 6 | W30: =IF(AND(H30<>"",I30<>""),I30-H30,"") | X30: =IF(AND(I30<>"",J30<>""),J30-I30,"") | Y30: =IF(AND(J30<>"",K30<>""),K30-J30,"") | Z30: =IF(AND(K30<>"",M30<>""),M30-K30,"") | AA30: =IF(AND(M30<>"",N30<>""),N30-M30,"") | AB30: =IF(AND(N30<>"",O30<>""),O30-N30,"")
A31: CAND-0030 | B31: Taylor Green | C31: JO-04 | D31: LinkedIn | E31: M. Chen | F31: 46191 | G31: 46193 | H31: 46195 | I31: 46199 | J31: 46205 | K31: 46212 | L31: Accepted | M31: 46218 | N31: 46226 | O31: 46230 | P31: Hired | Q31: Hired | U31: =IF(AND(F31<>"",G31<>""),G31-F31,"") -> 2 | V31: =IF(AND(G31<>"",H31<>""),H31-G31,"") -> 2 | W31: =IF(AND(H31<>"",I31<>""),I31-H31,"") -> 4 | X31: =IF(AND(I31<>"",J31<>""),J31-I31,"") -> 6 | Y31: =IF(AND(J31<>"",K31<>""),K31-J31,"") -> 7 | Z31: =IF(AND(K31<>"",M31<>""),M31-K31,"") -> 6 | AA31: =IF(AND(M31<>"",N31<>""),N31-M31,"") -> 8 | AB31: =IF(AND(N31<>"",O31<>""),O31-N31,"") -> 4
A32: CAND-0031 | B32: Drew Taylor | C32: JO-04 | D32: Referral | E32: M. Chen | F32: 46151 | G32: 46153 | H32: 46157 | I32: 46161 | J32: 46163 | K32: 46170 | L32: Accepted | M32: 46177 | N32: 46187 | O32: 46192 | P32: Hired | Q32: Hired | U32: =IF(AND(F32<>"",G32<>""),G32-F32,"") -> 2 | V32: =IF(AND(G32<>"",H32<>""),H32-G32,"") -> 4 | W32: =IF(AND(H32<>"",I32<>""),I32-H32,"") -> 4 | X32: =IF(AND(I32<>"",J32<>""),J32-I32,"") -> 2 | Y32: =IF(AND(J32<>"",K32<>""),K32-J32,"") -> 7 | Z32: =IF(AND(K32<>"",M32<>""),M32-K32,"") -> 7 | AA32: =IF(AND(M32<>"",N32<>""),N32-M32,"") -> 10 | AB32: =IF(AND(N32<>"",O32<>""),O32-N32,"") -> 5
A33: CAND-0032 | B33: Avery Patel | C33: JO-04 | D33: LinkedIn | E33: M. Chen | F33: 46139 | G33: 46140 | H33: 46143 | I33: 46156 | J33: 46157 | P33: Rejected | Q33: Rejected | R33: Interview | S33: Failed technical assessment | U33: =IF(AND(F33<>"",G33<>""),G33-F33,"") -> 1 | V33: =IF(AND(G33<>"",H33<>""),H33-G33,"") -> 3 | W33: =IF(AND(H33<>"",I33<>""),I33-H33,"") -> 13 | X33: =IF(AND(I33<>"",J33<>""),J33-I33,"") -> 1 | Y33: =IF(AND(J33<>"",K33<>""),K33-J33,"") | Z33: =IF(AND(K33<>"",M33<>""),M33-K33,"") | AA33: =IF(AND(M33<>"",N33<>""),N33-M33,"") | AB33: =IF(AND(N33<>"",O33<>""),O33-N33,"")
A34: CAND-0033 | B34: Casey Adams | C34: JO-04 | D34: Referral | E34: M. Chen | F34: 46201 | G34: 46203 | H34: 46208 | I34: 46218 | J34: 46222 | P34: Rejected | Q34: Rejected | R34: Interview | S34: Interview no-show | U34: =IF(AND(F34<>"",G34<>""),G34-F34,"") -> 2 | V34: =IF(AND(G34<>"",H34<>""),H34-G34,"") -> 5 | W34: =IF(AND(H34<>"",I34<>""),I34-H34,"") -> 10 | X34: =IF(AND(I34<>"",J34<>""),J34-I34,"") -> 4 | Y34: =IF(AND(J34<>"",K34<>""),K34-J34,"") | Z34: =IF(AND(K34<>"",M34<>""),M34-K34,"") | AA34: =IF(AND(M34<>"",N34<>""),N34-M34,"") | AB34: =IF(AND(N34<>"",O34<>""),O34-N34,"")
A35: CAND-0034 | B35: Adrian Adams | C35: JO-04 | D35: LinkedIn | E35: M. Chen | F35: 46117 | G35: 46118 | H35: 46123 | I35: 46127 | J35: 46132 | K35: 46139 | L35: Accepted | M35: 46147 | N35: 46157 | O35: 46162 | P35: Hired | Q35: Hired | U35: =IF(AND(F35<>"",G35<>""),G35-F35,"") -> 1 | V35: =IF(AND(G35<>"",H35<>""),H35-G35,"") -> 5 | W35: =IF(AND(H35<>"",I35<>""),I35-H35,"") -> 4 | X35: =IF(AND(I35<>"",J35<>""),J35-I35,"") -> 5 | Y35: =IF(AND(J35<>"",K35<>""),K35-J35,"") -> 7 | Z35: =IF(AND(K35<>"",M35<>""),M35-K35,"") -> 8 | AA35: =IF(AND(M35<>"",N35<>""),N35-M35,"") -> 10 | AB35: =IF(AND(N35<>"",O35<>""),O35-N35,"") -> 5
A36: CAND-0035 | B36: Micah White | C36: JO-04 | D36: Indeed | E36: M. Chen | F36: 46124 | G36: 46129 | H36: 46132 | I36: 46146 | J36: 46149 | K36: 46156 | L36: Declined | M36: 46159 | P36: Rejected | Q36: Rejected | R36: Offer | S36: Accepted competing offer | U36: =IF(AND(F36<>"",G36<>""),G36-F36,"") -> 5 | V36: =IF(AND(G36<>"",H36<>""),H36-G36,"") -> 3 | W36: =IF(AND(H36<>"",I36<>""),I36-H36,"") -> 14 | X36: =IF(AND(I36<>"",J36<>""),J36-I36,"") -> 3 | Y36: =IF(AND(J36<>"",K36<>""),K36-J36,"") -> 7 | Z36: =IF(AND(K36<>"",M36<>""),M36-K36,"") -> 3 | AA36: =IF(AND(M36<>"",N36<>""),N36-M36,"") | AB36: =IF(AND(N36<>"",O36<>""),O36-N36,"")
A37: CAND-0036 | B37: Finley Wilson | C37: JO-04 | D37: Indeed | E37: M. Chen | F37: 46070 | G37: 46074 | H37: 46080 | I37: 46096 | J37: 46101 | K37: 46104 | L37: Accepted | M37: 46112 | N37: 46120 | O37: 46125 | P37: Hired | Q37: Hired | U37: =IF(AND(F37<>"",G37<>""),G37-F37,"") -> 4 | V37: =IF(AND(G37<>"",H37<>""),H37-G37,"") -> 6 | W37: =IF(AND(H37<>"",I37<>""),I37-H37,"") -> 16 | X37: =IF(AND(I37<>"",J37<>""),J37-I37,"") -> 5 | Y37: =IF(AND(J37<>"",K37<>""),K37-J37,"") -> 3 | Z37: =IF(AND(K37<>"",M37<>""),M37-K37,"") -> 8 | AA37: =IF(AND(M37<>"",N37<>""),N37-M37,"") -> 8 | AB37: =IF(AND(N37<>"",O37<>""),O37-N37,"") -> 5
A38: CAND-0037 | B38: Kendall Roberts | C38: JO-04 | D38: Indeed | E38: M. Chen | F38: 46193 | G38: 46198 | H38: 46203 | I38: 46213 | J38: 46216 | K38: 46222 | L38: Accepted | M38: 46226 | N38: 46231 | O38: 46233 | P38: Hired | Q38: Hired | U38: =IF(AND(F38<>"",G38<>""),G38-F38,"") -> 5 | V38: =IF(AND(G38<>"",H38<>""),H38-G38,"") -> 5 | W38: =IF(AND(H38<>"",I38<>""),I38-H38,"") -> 10 | X38: =IF(AND(I38<>"",J38<>""),J38-I38,"") -> 3 | Y38: =IF(AND(J38<>"",K38<>""),K38-J38,"") -> 6 | Z38: =IF(AND(K38<>"",M38<>""),M38-K38,"") -> 4 | AA38: =IF(AND(M38<>"",N38<>""),N38-M38,"") -> 5 | AB38: =IF(AND(N38<>"",O38<>""),O38-N38,"") -> 2
A39: CAND-0038 | B39: Harper Garcia | C39: JO-04 | D39: LinkedIn | E39: M. Chen | F39: 46163 | G39: 46165 | H39: 46168 | P39: Rejected | Q39: Rejected | R39: Screening | S39: Compensation mismatch | U39: =IF(AND(F39<>"",G39<>""),G39-F39,"") -> 2 | V39: =IF(AND(G39<>"",H39<>""),H39-G39,"") -> 3 | W39: =IF(AND(H39<>"",I39<>""),I39-H39,"") | X39: =IF(AND(I39<>"",J39<>""),J39-I39,"") | Y39: =IF(AND(J39<>"",K39<>""),K39-J39,"") | Z39: =IF(AND(K39<>"",M39<>""),M39-K39,"") | AA39: =IF(AND(M39<>"",N39<>""),N39-M39,"") | AB39: =IF(AND(N39<>"",O39<>""),O39-N39,"")
A40: CAND-0039 | B40: Blake Thomas | C40: JO-04 | D40: Referral | E40: M. Chen | F40: 46140 | G40: 46144 | H40: 46149 | I40: 46159 | J40: 46162 | P40: Rejected | Q40: Rejected | R40: Interview | S40: Not selected - other candidate | U40: =IF(AND(F40<>"",G40<>""),G40-F40,"") -> 4 | V40: =IF(AND(G40<>"",H40<>""),H40-G40,"") -> 5 | W40: =IF(AND(H40<>"",I40<>""),I40-H40,"") -> 10 | X40: =IF(AND(I40<>"",J40<>""),J40-I40,"") -> 3 | Y40: =IF(AND(J40<>"",K40<>""),K40-J40,"") | Z40: =IF(AND(K40<>"",M40<>""),M40-K40,"") | AA40: =IF(AND(M40<>"",N40<>""),N40-M40,"") | AB40: =IF(AND(N40<>"",O40<>""),O40-N40,"")
A41: CAND-0040 | B41: Rowan Taylor | C41: JO-05 | D41: Career Site | E41: J. Alvarez | F41: 46093 | G41: 46095 | P41: Rejected | Q41: Rejected | R41: Recruiter Review | S41: Salary expectations too high | U41: =IF(AND(F41<>"",G41<>""),G41-F41,"") -> 2 | V41: =IF(AND(G41<>"",H41<>""),H41-G41,"") | W41: =IF(AND(H41<>"",I41<>""),I41-H41,"") | X41: =IF(AND(I41<>"",J41<>""),J41-I41,"") | Y41: =IF(AND(J41<>"",K41<>""),K41-J41,"") | Z41: =IF(AND(K41<>"",M41<>""),M41-K41,"") | AA41: =IF(AND(M41<>"",N41<>""),N41-M41,"") | AB41: =IF(AND(N41<>"",O41<>""),O41-N41,"")
A42: CAND-0041 | B42: Jamie Thomas | C42: JO-05 | D42: Referral | E42: J. Alvarez | F42: 46119 | G42: 46122 | H42: 46128 | I42: 46131 | J42: 46132 | K42: 46137 | L42: Accepted | M42: 46145 | N42: 46151 | O42: 46154 | P42: Hired | Q42: Hired | U42: =IF(AND(F42<>"",G42<>""),G42-F42,"") -> 3 | V42: =IF(AND(G42<>"",H42<>""),H42-G42,"") -> 6 | W42: =IF(AND(H42<>"",I42<>""),I42-H42,"") -> 3 | X42: =IF(AND(I42<>"",J42<>""),J42-I42,"") -> 1 | Y42: =IF(AND(J42<>"",K42<>""),K42-J42,"") -> 5 | Z42: =IF(AND(K42<>"",M42<>""),M42-K42,"") -> 8 | AA42: =IF(AND(M42<>"",N42<>""),N42-M42,"") -> 6 | AB42: =IF(AND(N42<>"",O42<>""),O42-N42,"") -> 3
A43: CAND-0042 | B43: Sam Lewis | C43: JO-05 | D43: Career Site | E43: J. Alvarez | F43: 46084 | G43: 46089 | H43: 46093 | I43: 46095 | J43: 46096 | K43: 46102 | L43: Accepted | M43: 46105 | N43: 46113 | O43: 46118 | P43: Hired | Q43: Hired | U43: =IF(AND(F43<>"",G43<>""),G43-F43,"") -> 5 | V43: =IF(AND(G43<>"",H43<>""),H43-G43,"") -> 4 | W43: =IF(AND(H43<>"",I43<>""),I43-H43,"") -> 2 | X43: =IF(AND(I43<>"",J43<>""),J43-I43,"") -> 1 | Y43: =IF(AND(J43<>"",K43<>""),K43-J43,"") -> 6 | Z43: =IF(AND(K43<>"",M43<>""),M43-K43,"") -> 3 | AA43: =IF(AND(M43<>"",N43<>""),N43-M43,"") -> 8 | AB43: =IF(AND(N43<>"",O43<>""),O43-N43,"") -> 5
A44: CAND-0043 | B44: Cameron Green | C44: JO-05 | D44: LinkedIn | E44: J. Alvarez | F44: 46187 | G44: 46190 | H44: 46196 | I44: 46200 | J44: 46202 | K44: 46205 | L44: Accepted | M44: 46211 | N44: 46217 | O44: 46222 | P44: Hired | Q44: Hired | U44: =IF(AND(F44<>"",G44<>""),G44-F44,"") -> 3 | V44: =IF(AND(G44<>"",H44<>""),H44-G44,"") -> 6 | W44: =IF(AND(H44<>"",I44<>""),I44-H44,"") -> 4 | X44: =IF(AND(I44<>"",J44<>""),J44-I44,"") -> 2 | Y44: =IF(AND(J44<>"",K44<>""),K44-J44,"") -> 3 | Z44: =IF(AND(K44<>"",M44<>""),M44-K44,"") -> 6 | AA44: =IF(AND(M44<>"",N44<>""),N44-M44,"") -> 6 | AB44: =IF(AND(N44<>"",O44<>""),O44-N44,"") -> 5
A45: CAND-0044 | B45: Sydney Garcia | C45: JO-05 | D45: Referral | E45: J. Alvarez | F45: 46137 | G45: 46139 | H45: 46143 | I45: 46162 | J45: 46167 | P45: Rejected | Q45: Rejected | R45: Interview | S45: Not selected - other candidate | U45: =IF(AND(F45<>"",G45<>""),G45-F45,"") -> 2 | V45: =IF(AND(G45<>"",H45<>""),H45-G45,"") -> 4 | W45: =IF(AND(H45<>"",I45<>""),I45-H45,"") -> 19 | X45: =IF(AND(I45<>"",J45<>""),J45-I45,"") -> 5 | Y45: =IF(AND(J45<>"",K45<>""),K45-J45,"") | Z45: =IF(AND(K45<>"",M45<>""),M45-K45,"") | AA45: =IF(AND(M45<>"",N45<>""),N45-M45,"") | AB45: =IF(AND(N45<>"",O45<>""),O45-N45,"")
A46: CAND-0045 | B46: Riley Jackson | C46: JO-05 | D46: Indeed | E46: J. Alvarez | F46: 46179 | G46: 46184 | H46: 46189 | I46: 46191 | J46: 46194 | P46: Rejected | Q46: Rejected | R46: Interview | S46: Interview no-show | U46: =IF(AND(F46<>"",G46<>""),G46-F46,"") -> 5 | V46: =IF(AND(G46<>"",H46<>""),H46-G46,"") -> 5 | W46: =IF(AND(H46<>"",I46<>""),I46-H46,"") -> 2 | X46: =IF(AND(I46<>"",J46<>""),J46-I46,"") -> 3 | Y46: =IF(AND(J46<>"",K46<>""),K46-J46,"") | Z46: =IF(AND(K46<>"",M46<>""),M46-K46,"") | AA46: =IF(AND(M46<>"",N46<>""),N46-M46,"") | AB46: =IF(AND(N46<>"",O46<>""),O46-N46,"")
A47: CAND-0046 | B47: Elliot Nelson | C47: JO-06 | D47: Indeed | E47: M. Chen | F47: 46142 | G47: 46146 | H47: 46152 | I47: 46156 | J47: 46159 | P47: Rejected | Q47: Rejected | R47: Interview | S47: Interview no-show | U47: =IF(AND(F47<>"",G47<>""),G47-F47,"") -> 4 | V47: =IF(AND(G47<>"",H47<>""),H47-G47,"") -> 6 | W47: =IF(AND(H47<>"",I47<>""),I47-H47,"") -> 4 | X47: =IF(AND(I47<>"",J47<>""),J47-I47,"") -> 3 | Y47: =IF(AND(J47<>"",K47<>""),K47-J47,"") | Z47: =IF(AND(K47<>"",M47<>""),M47-K47,"") | AA47: =IF(AND(M47<>"",N47<>""),N47-M47,"") | AB47: =IF(AND(N47<>"",O47<>""),O47-N47,"")
A48: CAND-0047 | B48: Quinn Young | C48: JO-06 | D48: LinkedIn | E48: M. Chen | F48: 46191 | G48: 46193 | H48: 46198 | I48: 46202 | J48: 46204 | P48: Rejected | Q48: Rejected | R48: Interview | S48: Failed technical assessment | U48: =IF(AND(F48<>"",G48<>""),G48-F48,"") -> 2 | V48: =IF(AND(G48<>"",H48<>""),H48-G48,"") -> 5 | W48: =IF(AND(H48<>"",I48<>""),I48-H48,"") -> 4 | X48: =IF(AND(I48<>"",J48<>""),J48-I48,"") -> 2 | Y48: =IF(AND(J48<>"",K48<>""),K48-J48,"") | Z48: =IF(AND(K48<>"",M48<>""),M48-K48,"") | AA48: =IF(AND(M48<>"",N48<>""),N48-M48,"") | AB48: =IF(AND(N48<>"",O48<>""),O48-N48,"")
A49: CAND-0048 | B49: Peyton Lewis | C49: JO-06 | D49: LinkedIn | E49: M. Chen | F49: 46190 | G49: 46192 | H49: 46194 | I49: 46197 | J49: 46198 | K49: 46205 | L49: Accepted | M49: 46211 | N49: 46221 | O49: 46223 | P49: Hired | Q49: Hired | U49: =IF(AND(F49<>"",G49<>""),G49-F49,"") -> 2 | V49: =IF(AND(G49<>"",H49<>""),H49-G49,"") -> 2 | W49: =IF(AND(H49<>"",I49<>""),I49-H49,"") -> 3 | X49: =IF(AND(I49<>"",J49<>""),J49-I49,"") -> 1 | Y49: =IF(AND(J49<>"",K49<>""),K49-J49,"") -> 7 | Z49: =IF(AND(K49<>"",M49<>""),M49-K49,"") -> 6 | AA49: =IF(AND(M49<>"",N49<>""),N49-M49,"") -> 10 | AB49: =IF(AND(N49<>"",O49<>""),O49-N49,"") -> 2
A50: CAND-0049 | B50: Emerson Nelson | C50: JO-06 | D50: LinkedIn | E50: M. Chen | F50: 46070 | G50: 46074 | H50: 46080 | I50: 46092 | J50: 46093 | K50: 46096 | L50: Accepted | M50: 46106 | N50: 46112 | O50: 46117 | P50: Hired | Q50: Hired | U50: =IF(AND(F50<>"",G50<>""),G50-F50,"") -> 4 | V50: =IF(AND(G50<>"",H50<>""),H50-G50,"") -> 6 | W50: =IF(AND(H50<>"",I50<>""),I50-H50,"") -> 12 | X50: =IF(AND(I50<>"",J50<>""),J50-I50,"") -> 1 | Y50: =IF(AND(J50<>"",K50<>""),K50-J50,"") -> 3 | Z50: =IF(AND(K50<>"",M50<>""),M50-K50,"") -> 10 | AA50: =IF(AND(M50<>"",N50<>""),N50-M50,"") -> 6 | AB50: =IF(AND(N50<>"",O50<>""),O50-N50,"") -> 5
A51: CAND-0050 | B51: Micah Baker | C51: JO-06 | D51: LinkedIn | E51: M. Chen | F51: 46204 | G51: 46208 | H51: 46214 | P51: Rejected | Q51: Rejected | R51: Screening | S51: Poor culture fit signal | U51: =IF(AND(F51<>"",G51<>""),G51-F51,"") -> 4 | V51: =IF(AND(G51<>"",H51<>""),H51-G51,"") -> 6 | W51: =IF(AND(H51<>"",I51<>""),I51-H51,"") | X51: =IF(AND(I51<>"",J51<>""),J51-I51,"") | Y51: =IF(AND(J51<>"",K51<>""),K51-J51,"") | Z51: =IF(AND(K51<>"",M51<>""),M51-K51,"") | AA51: =IF(AND(M51<>"",N51<>""),N51-M51,"") | AB51: =IF(AND(N51<>"",O51<>""),O51-N51,"")
A52: CAND-0051 | B52: Sam Thomas | C52: JO-06 | D52: Indeed | E52: M. Chen | F52: 46121 | G52: 46122 | H52: 46125 | I52: 46141 | J52: 46147 | K52: 46152 | L52: Accepted | M52: 46154 | N52: 46161 | O52: 46166 | P52: Hired | Q52: Hired | U52: =IF(AND(F52<>"",G52<>""),G52-F52,"") -> 1 | V52: =IF(AND(G52<>"",H52<>""),H52-G52,"") -> 3 | W52: =IF(AND(H52<>"",I52<>""),I52-H52,"") -> 16 | X52: =IF(AND(I52<>"",J52<>""),J52-I52,"") -> 6 | Y52: =IF(AND(J52<>"",K52<>""),K52-J52,"") -> 5 | Z52: =IF(AND(K52<>"",M52<>""),M52-K52,"") -> 2 | AA52: =IF(AND(M52<>"",N52<>""),N52-M52,"") -> 7 | AB52: =IF(AND(N52<>"",O52<>""),O52-N52,"") -> 5
A53: CAND-0052 | B53: Casey Moore | C53: JO-06 | D53: Career Site | E53: M. Chen | F53: 46204 | G53: 46206 | H53: 46212 | I53: 46226 | J53: 46227 | P53: Rejected | Q53: Rejected | R53: Interview | S53: Failed technical assessment | U53: =IF(AND(F53<>"",G53<>""),G53-F53,"") -> 2 | V53: =IF(AND(G53<>"",H53<>""),H53-G53,"") -> 6 | W53: =IF(AND(H53<>"",I53<>""),I53-H53,"") -> 14 | X53: =IF(AND(I53<>"",J53<>""),J53-I53,"") -> 1 | Y53: =IF(AND(J53<>"",K53<>""),K53-J53,"") | Z53: =IF(AND(K53<>"",M53<>""),M53-K53,"") | AA53: =IF(AND(M53<>"",N53<>""),N53-M53,"") | AB53: =IF(AND(N53<>"",O53<>""),O53-N53,"")
A54: CAND-0053 | B54: Parker Baker | C54: JO-06 | D54: LinkedIn | E54: M. Chen | F54: 46131 | G54: 46135 | H54: 46141 | I54: 46160 | J54: 46164 | K54: 46171 | L54: Declined | M54: 46177 | P54: Rejected | Q54: Rejected | R54: Offer | S54: Accepted competing offer | U54: =IF(AND(F54<>"",G54<>""),G54-F54,"") -> 4 | V54: =IF(AND(G54<>"",H54<>""),H54-G54,"") -> 6 | W54: =IF(AND(H54<>"",I54<>""),I54-H54,"") -> 19 | X54: =IF(AND(I54<>"",J54<>""),J54-I54,"") -> 4 | Y54: =IF(AND(J54<>"",K54<>""),K54-J54,"") -> 7 | Z54: =IF(AND(K54<>"",M54<>""),M54-K54,"") -> 6 | AA54: =IF(AND(M54<>"",N54<>""),N54-M54,"") | AB54: =IF(AND(N54<>"",O54<>""),O54-N54,"")
A55: CAND-0054 | B55: Jordan Harris | C55: JO-06 | D55: Indeed | E55: M. Chen | F55: 46098 | G55: 46102 | H55: 46107 | I55: 46126 | J55: 46132 | K55: 46135 | L55: Accepted | M55: 46144 | N55: 46152 | O55: 46154 | P55: Hired | Q55: Hired | U55: =IF(AND(F55<>"",G55<>""),G55-F55,"") -> 4 | V55: =IF(AND(G55<>"",H55<>""),H55-G55,"") -> 5 | W55: =IF(AND(H55<>"",I55<>""),I55-H55,"") -> 19 | X55: =IF(AND(I55<>"",J55<>""),J55-I55,"") -> 6 | Y55: =IF(AND(J55<>"",K55<>""),K55-J55,"") -> 3 | Z55: =IF(AND(K55<>"",M55<>""),M55-K55,"") -> 9 | AA55: =IF(AND(M55<>"",N55<>""),N55-M55,"") -> 8 | AB55: =IF(AND(N55<>"",O55<>""),O55-N55,"") -> 2
A56: CAND-0055 | B56: Avery Walker | C56: JO-06 | D56: Referral | E56: M. Chen | F56: 46180 | G56: 46183 | H56: 46188 | I56: 46193 | J56: 46196 | P56: Rejected | Q56: Rejected | R56: Interview | S56: Not selected - other candidate | U56: =IF(AND(F56<>"",G56<>""),G56-F56,"") -> 3 | V56: =IF(AND(G56<>"",H56<>""),H56-G56,"") -> 5 | W56: =IF(AND(H56<>"",I56<>""),I56-H56,"") -> 5 | X56: =IF(AND(I56<>"",J56<>""),J56-I56,"") -> 3 | Y56: =IF(AND(J56<>"",K56<>""),K56-J56,"") | Z56: =IF(AND(K56<>"",M56<>""),M56-K56,"") | AA56: =IF(AND(M56<>"",N56<>""),N56-M56,"") | AB56: =IF(AND(N56<>"",O56<>""),O56-N56,"")
A57: CAND-0056 | B57: Alex Roberts | C57: JO-07 | D57: Referral | E57: R. Thompson | F57: 46067 | G57: 46069 | H57: 46075 | I57: 46077 | J57: 46080 | K57: 46085 | L57: Accepted | M57: 46094 | N57: 46104 | O57: 46107 | P57: Hired | Q57: Hired | U57: =IF(AND(F57<>"",G57<>""),G57-F57,"") -> 2 | V57: =IF(AND(G57<>"",H57<>""),H57-G57,"") -> 6 | W57: =IF(AND(H57<>"",I57<>""),I57-H57,"") -> 2 | X57: =IF(AND(I57<>"",J57<>""),J57-I57,"") -> 3 | Y57: =IF(AND(J57<>"",K57<>""),K57-J57,"") -> 5 | Z57: =IF(AND(K57<>"",M57<>""),M57-K57,"") -> 9 | AA57: =IF(AND(M57<>"",N57<>""),N57-M57,"") -> 10 | AB57: =IF(AND(N57<>"",O57<>""),O57-N57,"") -> 3
A58: CAND-0057 | B58: Avery Lewis | C58: JO-07 | D58: Indeed | E58: R. Thompson | F58: 46195 | G58: 46199 | P58: Rejected | Q58: Rejected | R58: Recruiter Review | S58: Underqualified | U58: =IF(AND(F58<>"",G58<>""),G58-F58,"") -> 4 | V58: =IF(AND(G58<>"",H58<>""),H58-G58,"") | W58: =IF(AND(H58<>"",I58<>""),I58-H58,"") | X58: =IF(AND(I58<>"",J58<>""),J58-I58,"") | Y58: =IF(AND(J58<>"",K58<>""),K58-J58,"") | Z58: =IF(AND(K58<>"",M58<>""),M58-K58,"") | AA58: =IF(AND(M58<>"",N58<>""),N58-M58,"") | AB58: =IF(AND(N58<>"",O58<>""),O58-N58,"")
A59: CAND-0058 | B59: Reagan Davis | C59: JO-07 | D59: Indeed | E59: R. Thompson | F59: 46093 | G59: 46097 | H59: 46101 | I59: 46118 | J59: 46120 | K59: 46124 | L59: Accepted | M59: 46132 | N59: 46137 | O59: 46141 | P59: Hired | Q59: Hired | U59: =IF(AND(F59<>"",G59<>""),G59-F59,"") -> 4 | V59: =IF(AND(G59<>"",H59<>""),H59-G59,"") -> 4 | W59: =IF(AND(H59<>"",I59<>""),I59-H59,"") -> 17 | X59: =IF(AND(I59<>"",J59<>""),J59-I59,"") -> 2 | Y59: =IF(AND(J59<>"",K59<>""),K59-J59,"") -> 4 | Z59: =IF(AND(K59<>"",M59<>""),M59-K59,"") -> 8 | AA59: =IF(AND(M59<>"",N59<>""),N59-M59,"") -> 5 | AB59: =IF(AND(N59<>"",O59<>""),O59-N59,"") -> 4
A60: CAND-0059 | B60: Kendall Walker | C60: JO-07 | D60: Career Site | E60: R. Thompson | F60: 46183 | G60: 46186 | H60: 46190 | I60: 46195 | J60: 46199 | K60: 46204 | L60: Accepted | M60: 46211 | N60: 46220 | O60: 46224 | P60: Hired | Q60: Hired | U60: =IF(AND(F60<>"",G60<>""),G60-F60,"") -> 3 | V60: =IF(AND(G60<>"",H60<>""),H60-G60,"") -> 4 | W60: =IF(AND(H60<>"",I60<>""),I60-H60,"") -> 5 | X60: =IF(AND(I60<>"",J60<>""),J60-I60,"") -> 4 | Y60: =IF(AND(J60<>"",K60<>""),K60-J60,"") -> 5 | Z60: =IF(AND(K60<>"",M60<>""),M60-K60,"") -> 7 | AA60: =IF(AND(M60<>"",N60<>""),N60-M60,"") -> 9 | AB60: =IF(AND(N60<>"",O60<>""),O60-N60,"") -> 4
A61: CAND-0060 | B61: Quinn Jackson | C61: JO-07 | D61: Indeed | E61: R. Thompson | F61: 46113 | G61: 46117 | P61: Rejected | Q61: Rejected | R61: Recruiter Review | S61: Salary expectations too high | U61: =IF(AND(F61<>"",G61<>""),G61-F61,"") -> 4 | V61: =IF(AND(G61<>"",H61<>""),H61-G61,"") | W61: =IF(AND(H61<>"",I61<>""),I61-H61,"") | X61: =IF(AND(I61<>"",J61<>""),J61-I61,"") | Y61: =IF(AND(J61<>"",K61<>""),K61-J61,"") | Z61: =IF(AND(K61<>"",M61<>""),M61-K61,"") | AA61: =IF(AND(M61<>"",N61<>""),N61-M61,"") | AB61: =IF(AND(N61<>"",O61<>""),O61-N61,"")
A62: CAND-0061 | B62: Sawyer King | C62: JO-07 | D62: Referral | E62: R. Thompson | F62: 46092 | G62: 46096 | H62: 46099 | I62: 46101 | J62: 46102 | K62: 46108 | L62: Accepted | M62: 46110 | N62: 46119 | O62: 46122 | P62: Hired | Q62: Hired | U62: =IF(AND(F62<>"",G62<>""),G62-F62,"") -> 4 | V62: =IF(AND(G62<>"",H62<>""),H62-G62,"") -> 3 | W62: =IF(AND(H62<>"",I62<>""),I62-H62,"") -> 2 | X62: =IF(AND(I62<>"",J62<>""),J62-I62,"") -> 1 | Y62: =IF(AND(J62<>"",K62<>""),K62-J62,"") -> 6 | Z62: =IF(AND(K62<>"",M62<>""),M62-K62,"") -> 2 | AA62: =IF(AND(M62<>"",N62<>""),N62-M62,"") -> 9 | AB62: =IF(AND(N62<>"",O62<>""),O62-N62,"") -> 3
A63: CAND-0062 | B63: Casey Nelson | C63: JO-07 | D63: Indeed | E63: R. Thompson | F63: 46121 | G63: 46124 | H63: 46129 | I63: 46134 | J63: 46140 | K63: 46146 | L63: Declined | M63: 46156 | P63: Rejected | Q63: Rejected | R63: Offer | S63: Accepted competing offer | U63: =IF(AND(F63<>"",G63<>""),G63-F63,"") -> 3 | V63: =IF(AND(G63<>"",H63<>""),H63-G63,"") -> 5 | W63: =IF(AND(H63<>"",I63<>""),I63-H63,"") -> 5 | X63: =IF(AND(I63<>"",J63<>""),J63-I63,"") -> 6 | Y63: =IF(AND(J63<>"",K63<>""),K63-J63,"") -> 6 | Z63: =IF(AND(K63<>"",M63<>""),M63-K63,"") -> 10 | AA63: =IF(AND(M63<>"",N63<>""),N63-M63,"") | AB63: =IF(AND(N63<>"",O63<>""),O63-N63,"")
A64: CAND-0063 | B64: Rowan Clark | C64: JO-07 | D64: University Fair | E64: R. Thompson | F64: 46077 | G64: 46081 | H64: 46083 | I64: 46085 | J64: 46088 | K64: 46093 | L64: Accepted | M64: 46100 | N64: 46105 | O64: 46110 | P64: Hired | Q64: Hired | U64: =IF(AND(F64<>"",G64<>""),G64-F64,"") -> 4 | V64: =IF(AND(G64<>"",H64<>""),H64-G64,"") -> 2 | W64: =IF(AND(H64<>"",I64<>""),I64-H64,"") -> 2 | X64: =IF(AND(I64<>"",J64<>""),J64-I64,"") -> 3 | Y64: =IF(AND(J64<>"",K64<>""),K64-J64,"") -> 5 | Z64: =IF(AND(K64<>"",M64<>""),M64-K64,"") -> 7 | AA64: =IF(AND(M64<>"",N64<>""),N64-M64,"") -> 5 | AB64: =IF(AND(N64<>"",O64<>""),O64-N64,"") -> 5
A65: CAND-0064 | B65: Peyton Anderson | C65: JO-07 | D65: LinkedIn | E65: R. Thompson | F65: 46151 | G65: 46156 | H65: 46161 | I65: 46178 | J65: 46182 | P65: Rejected | Q65: Rejected | R65: Interview | S65: Not selected - other candidate | U65: =IF(AND(F65<>"",G65<>""),G65-F65,"") -> 5 | V65: =IF(AND(G65<>"",H65<>""),H65-G65,"") -> 5 | W65: =IF(AND(H65<>"",I65<>""),I65-H65,"") -> 17 | X65: =IF(AND(I65<>"",J65<>""),J65-I65,"") -> 4 | Y65: =IF(AND(J65<>"",K65<>""),K65-J65,"") | Z65: =IF(AND(K65<>"",M65<>""),M65-K65,"") | AA65: =IF(AND(M65<>"",N65<>""),N65-M65,"") | AB65: =IF(AND(N65<>"",O65<>""),O65-N65,"")
A66: CAND-0065 | B66: Reagan Clark | C66: JO-07 | D66: Indeed | E66: R. Thompson | F66: 46094 | G66: 46095 | H66: 46099 | I66: 46115 | J66: 46119 | K66: 46123 | L66: Accepted | M66: 46131 | N66: 46135 | O66: 46139 | P66: Hired | Q66: Hired | U66: =IF(AND(F66<>"",G66<>""),G66-F66,"") -> 1 | V66: =IF(AND(G66<>"",H66<>""),H66-G66,"") -> 4 | W66: =IF(AND(H66<>"",I66<>""),I66-H66,"") -> 16 | X66: =IF(AND(I66<>"",J66<>""),J66-I66,"") -> 4 | Y66: =IF(AND(J66<>"",K66<>""),K66-J66,"") -> 4 | Z66: =IF(AND(K66<>"",M66<>""),M66-K66,"") -> 8 | AA66: =IF(AND(M66<>"",N66<>""),N66-M66,"") -> 4 | AB66: =IF(AND(N66<>"",O66<>""),O66-N66,"") -> 4
A67: CAND-0066 | B67: Parker Clark | C67: JO-07 | D67: LinkedIn | E67: R. Thompson | F67: 46155 | G67: 46158 | P67: Rejected | Q67: Rejected | R67: Recruiter Review | S67: Salary expectations too high | U67: =IF(AND(F67<>"",G67<>""),G67-F67,"") -> 3 | V67: =IF(AND(G67<>"",H67<>""),H67-G67,"") | W67: =IF(AND(H67<>"",I67<>""),I67-H67,"") | X67: =IF(AND(I67<>"",J67<>""),J67-I67,"") | Y67: =IF(AND(J67<>"",K67<>""),K67-J67,"") | Z67: =IF(AND(K67<>"",M67<>""),M67-K67,"") | AA67: =IF(AND(M67<>"",N67<>""),N67-M67,"") | AB67: =IF(AND(N67<>"",O67<>""),O67-N67,"")
A68: CAND-0067 | B68: Morgan Carter | C68: JO-07 | D68: Career Site | E68: R. Thompson | F68: 46127 | G68: 46129 | H68: 46133 | I68: 46147 | J68: 46153 | P68: Rejected | Q68: Rejected | R68: Interview | S68: Interview no-show | U68: =IF(AND(F68<>"",G68<>""),G68-F68,"") -> 2 | V68: =IF(AND(G68<>"",H68<>""),H68-G68,"") -> 4 | W68: =IF(AND(H68<>"",I68<>""),I68-H68,"") -> 14 | X68: =IF(AND(I68<>"",J68<>""),J68-I68,"") -> 6 | Y68: =IF(AND(J68<>"",K68<>""),K68-J68,"") | Z68: =IF(AND(K68<>"",M68<>""),M68-K68,"") | AA68: =IF(AND(M68<>"",N68<>""),N68-M68,"") | AB68: =IF(AND(N68<>"",O68<>""),O68-N68,"")
A69: CAND-0068 | B69: Taylor Lewis | C69: JO-07 | D69: Indeed | E69: R. Thompson | F69: 46062 | G69: 46067 | H69: 46070 | P69: Rejected | Q69: Rejected | R69: Screening | S69: Compensation mismatch | U69: =IF(AND(F69<>"",G69<>""),G69-F69,"") -> 5 | V69: =IF(AND(G69<>"",H69<>""),H69-G69,"") -> 3 | W69: =IF(AND(H69<>"",I69<>""),I69-H69,"") | X69: =IF(AND(I69<>"",J69<>""),J69-I69,"") | Y69: =IF(AND(J69<>"",K69<>""),K69-J69,"") | Z69: =IF(AND(K69<>"",M69<>""),M69-K69,"") | AA69: =IF(AND(M69<>"",N69<>""),N69-M69,"") | AB69: =IF(AND(N69<>"",O69<>""),O69-N69,"")
A70: CAND-0069 | B70: Blake Scott | C70: JO-07 | D70: LinkedIn | E70: R. Thompson | F70: 46087 | G70: 46092 | H70: 46096 | I70: 46099 | J70: 46103 | K70: 46108 | L70: Accepted | M70: 46115 | N70: 46125 | O70: 46128 | P70: Hired | Q70: Hired | U70: =IF(AND(F70<>"",G70<>""),G70-F70,"") -> 5 | V70: =IF(AND(G70<>"",H70<>""),H70-G70,"") -> 4 | W70: =IF(AND(H70<>"",I70<>""),I70-H70,"") -> 3 | X70: =IF(AND(I70<>"",J70<>""),J70-I70,"") -> 4 | Y70: =IF(AND(J70<>"",K70<>""),K70-J70,"") -> 5 | Z70: =IF(AND(K70<>"",M70<>""),M70-K70,"") -> 7 | AA70: =IF(AND(M70<>"",N70<>""),N70-M70,"") -> 10 | AB70: =IF(AND(N70<>"",O70<>""),O70-N70,"") -> 3
A71: CAND-0070 | B71: Elliot Patel | C71: JO-08 | D71: Indeed | E71: M. Chen | F71: 46057 | G71: 46060 | H71: 46065 | I71: 46069 | J71: 46075 | K71: 46078 | L71: Accepted | M71: 46083 | N71: 46091 | O71: 46094 | P71: Hired | Q71: Hired | U71: =IF(AND(F71<>"",G71<>""),G71-F71,"") -> 3 | V71: =IF(AND(G71<>"",H71<>""),H71-G71,"") -> 5 | W71: =IF(AND(H71<>"",I71<>""),I71-H71,"") -> 4 | X71: =IF(AND(I71<>"",J71<>""),J71-I71,"") -> 6 | Y71: =IF(AND(J71<>"",K71<>""),K71-J71,"") -> 3 | Z71: =IF(AND(K71<>"",M71<>""),M71-K71,"") -> 5 | AA71: =IF(AND(M71<>"",N71<>""),N71-M71,"") -> 8 | AB71: =IF(AND(N71<>"",O71<>""),O71-N71,"") -> 3
A72: CAND-0071 | B72: Casey Adams | C72: JO-08 | D72: Career Site | E72: M. Chen | F72: 46131 | G72: 46135 | P72: Rejected | Q72: Rejected | R72: Recruiter Review | S72: Underqualified | U72: =IF(AND(F72<>"",G72<>""),G72-F72,"") -> 4 | V72: =IF(AND(G72<>"",H72<>""),H72-G72,"") | W72: =IF(AND(H72<>"",I72<>""),I72-H72,"") | X72: =IF(AND(I72<>"",J72<>""),J72-I72,"") | Y72: =IF(AND(J72<>"",K72<>""),K72-J72,"") | Z72: =IF(AND(K72<>"",M72<>""),M72-K72,"") | AA72: =IF(AND(M72<>"",N72<>""),N72-M72,"") | AB72: =IF(AND(N72<>"",O72<>""),O72-N72,"")
A73: CAND-0072 | B73: Taylor Lewis | C73: JO-08 | D73: University Fair | E73: M. Chen | F73: 46083 | G73: 46084 | H73: 46090 | I73: 46108 | J73: 46113 | K73: 46117 | L73: Accepted | M73: 46125 | N73: 46135 | O73: 46139 | P73: Hired | Q73: Hired | U73: =IF(AND(F73<>"",G73<>""),G73-F73,"") -> 1 | V73: =IF(AND(G73<>"",H73<>""),H73-G73,"") -> 6 | W73: =IF(AND(H73<>"",I73<>""),I73-H73,"") -> 18 | X73: =IF(AND(I73<>"",J73<>""),J73-I73,"") -> 5 | Y73: =IF(AND(J73<>"",K73<>""),K73-J73,"") -> 4 | Z73: =IF(AND(K73<>"",M73<>""),M73-K73,"") -> 8 | AA73: =IF(AND(M73<>"",N73<>""),N73-M73,"") -> 10 | AB73: =IF(AND(N73<>"",O73<>""),O73-N73,"") -> 4
A74: CAND-0073 | B74: Taylor Allen | C74: JO-08 | D74: LinkedIn | E74: M. Chen | F74: 46167 | G74: 46169 | H74: 46171 | I74: 46186 | J74: 46190 | P74: Rejected | Q74: Rejected | R74: Interview | S74: Not selected - other candidate | U74: =IF(AND(F74<>"",G74<>""),G74-F74,"") -> 2 | V74: =IF(AND(G74<>"",H74<>""),H74-G74,"") -> 2 | W74: =IF(AND(H74<>"",I74<>""),I74-H74,"") -> 15 | X74: =IF(AND(I74<>"",J74<>""),J74-I74,"") -> 4 | Y74: =IF(AND(J74<>"",K74<>""),K74-J74,"") | Z74: =IF(AND(K74<>"",M74<>""),M74-K74,"") | AA74: =IF(AND(M74<>"",N74<>""),N74-M74,"") | AB74: =IF(AND(N74<>"",O74<>""),O74-N74,"")
A75: CAND-0074 | B75: Reagan Patel | C75: JO-08 | D75: Indeed | E75: M. Chen | F75: 46059 | G75: 46060 | H75: 46063 | I75: 46066 | J75: 46071 | P75: Rejected | Q75: Rejected | R75: Interview | S75: Not selected - other candidate | U75: =IF(AND(F75<>"",G75<>""),G75-F75,"") -> 1 | V75: =IF(AND(G75<>"",H75<>""),H75-G75,"") -> 3 | W75: =IF(AND(H75<>"",I75<>""),I75-H75,"") -> 3 | X75: =IF(AND(I75<>"",J75<>""),J75-I75,"") -> 5 | Y75: =IF(AND(J75<>"",K75<>""),K75-J75,"") | Z75: =IF(AND(K75<>"",M75<>""),M75-K75,"") | AA75: =IF(AND(M75<>"",N75<>""),N75-M75,"") | AB75: =IF(AND(N75<>"",O75<>""),O75-N75,"")
A76: CAND-0075 | B76: Skyler Walker | C76: JO-08 | D76: Indeed | E76: M. Chen | F76: 46054 | G76: 46057 | H76: 46060 | I76: 46063 | J76: 46069 | K76: 46073 | L76: Accepted | M76: 46075 | N76: 46081 | O76: 46083 | P76: Hired | Q76: Hired | U76: =IF(AND(F76<>"",G76<>""),G76-F76,"") -> 3 | V76: =IF(AND(G76<>"",H76<>""),H76-G76,"") -> 3 | W76: =IF(AND(H76<>"",I76<>""),I76-H76,"") -> 3 | X76: =IF(AND(I76<>"",J76<>""),J76-I76,"") -> 6 | Y76: =IF(AND(J76<>"",K76<>""),K76-J76,"") -> 4 | Z76: =IF(AND(K76<>"",M76<>""),M76-K76,"") -> 2 | AA76: =IF(AND(M76<>"",N76<>""),N76-M76,"") -> 6 | AB76: =IF(AND(N76<>"",O76<>""),O76-N76,"") -> 2
A77: CAND-0076 | B77: Peyton White | C77: JO-08 | D77: LinkedIn | E77: M. Chen | F77: 46161 | G77: 46166 | P77: Rejected | Q77: Rejected | R77: Recruiter Review | S77: Underqualified | U77: =IF(AND(F77<>"",G77<>""),G77-F77,"") -> 5 | V77: =IF(AND(G77<>"",H77<>""),H77-G77,"") | W77: =IF(AND(H77<>"",I77<>""),I77-H77,"") | X77: =IF(AND(I77<>"",J77<>""),J77-I77,"") | Y77: =IF(AND(J77<>"",K77<>""),K77-J77,"") | Z77: =IF(AND(K77<>"",M77<>""),M77-K77,"") | AA77: =IF(AND(M77<>"",N77<>""),N77-M77,"") | AB77: =IF(AND(N77<>"",O77<>""),O77-N77,"")
A78: CAND-0077 | B78: Sawyer Baker | C78: JO-08 | D78: Indeed | E78: M. Chen | F78: 46185 | G78: 46190 | P78: Rejected | Q78: Rejected | R78: Recruiter Review | S78: Salary expectations too high | U78: =IF(AND(F78<>"",G78<>""),G78-F78,"") -> 5 | V78: =IF(AND(G78<>"",H78<>""),H78-G78,"") | W78: =IF(AND(H78<>"",I78<>""),I78-H78,"") | X78: =IF(AND(I78<>"",J78<>""),J78-I78,"") | Y78: =IF(AND(J78<>"",K78<>""),K78-J78,"") | Z78: =IF(AND(K78<>"",M78<>""),M78-K78,"") | AA78: =IF(AND(M78<>"",N78<>""),N78-M78,"") | AB78: =IF(AND(N78<>"",O78<>""),O78-N78,"")
A79: CAND-0078 | B79: Skyler Smith | C79: JO-08 | D79: Indeed | E79: M. Chen | F79: 46187 | G79: 46190 | H79: 46192 | P79: Rejected | Q79: Rejected | R79: Screening | S79: Compensation mismatch | U79: =IF(AND(F79<>"",G79<>""),G79-F79,"") -> 3 | V79: =IF(AND(G79<>"",H79<>""),H79-G79,"") -> 2 | W79: =IF(AND(H79<>"",I79<>""),I79-H79,"") | X79: =IF(AND(I79<>"",J79<>""),J79-I79,"") | Y79: =IF(AND(J79<>"",K79<>""),K79-J79,"") | Z79: =IF(AND(K79<>"",M79<>""),M79-K79,"") | AA79: =IF(AND(M79<>"",N79<>""),N79-M79,"") | AB79: =IF(AND(N79<>"",O79<>""),O79-N79,"")
A80: CAND-0079 | B80: Harper Green | C80: JO-08 | D80: Indeed | E80: M. Chen | F80: 46179 | G80: 46183 | P80: Rejected | Q80: Rejected | R80: Recruiter Review | S80: Underqualified | U80: =IF(AND(F80<>"",G80<>""),G80-F80,"") -> 4 | V80: =IF(AND(G80<>"",H80<>""),H80-G80,"") | W80: =IF(AND(H80<>"",I80<>""),I80-H80,"") | X80: =IF(AND(I80<>"",J80<>""),J80-I80,"") | Y80: =IF(AND(J80<>"",K80<>""),K80-J80,"") | Z80: =IF(AND(K80<>"",M80<>""),M80-K80,"") | AA80: =IF(AND(M80<>"",N80<>""),N80-M80,"") | AB80: =IF(AND(N80<>"",O80<>""),O80-N80,"")
A81: CAND-0080 | B81: Blake Wilson | C81: JO-08 | D81: LinkedIn | E81: M. Chen | F81: 46124 | G81: 46129 | H81: 46135 | I81: 46154 | J81: 46158 | K81: 46164 | L81: Accepted | M81: 46167 | N81: 46171 | O81: 46174 | P81: Hired | Q81: Hired | U81: =IF(AND(F81<>"",G81<>""),G81-F81,"") -> 5 | V81: =IF(AND(G81<>"",H81<>""),H81-G81,"") -> 6 | W81: =IF(AND(H81<>"",I81<>""),I81-H81,"") -> 19 | X81: =IF(AND(I81<>"",J81<>""),J81-I81,"") -> 4 | Y81: =IF(AND(J81<>"",K81<>""),K81-J81,"") -> 6 | Z81: =IF(AND(K81<>"",M81<>""),M81-K81,"") -> 3 | AA81: =IF(AND(M81<>"",N81<>""),N81-M81,"") -> 4 | AB81: =IF(AND(N81<>"",O81<>""),O81-N81,"") -> 3
A82: CAND-0081 | B82: Logan Baker | C82: JO-08 | D82: Career Site | E82: M. Chen | F82: 46159 | G82: 46162 | H82: 46167 | I82: 46183 | J82: 46189 | P82: Rejected | Q82: Rejected | R82: Interview | S82: Not selected - other candidate | U82: =IF(AND(F82<>"",G82<>""),G82-F82,"") -> 3 | V82: =IF(AND(G82<>"",H82<>""),H82-G82,"") -> 5 | W82: =IF(AND(H82<>"",I82<>""),I82-H82,"") -> 16 | X82: =IF(AND(I82<>"",J82<>""),J82-I82,"") -> 6 | Y82: =IF(AND(J82<>"",K82<>""),K82-J82,"") | Z82: =IF(AND(K82<>"",M82<>""),M82-K82,"") | AA82: =IF(AND(M82<>"",N82<>""),N82-M82,"") | AB82: =IF(AND(N82<>"",O82<>""),O82-N82,"")
A83: CAND-0082 | B83: Riley Patel | C83: JO-09 | D83: LinkedIn | E83: R. Thompson | F83: 46078 | G83: 46081 | H83: 46087 | P83: Rejected | Q83: Rejected | R83: Screening | S83: Poor culture fit signal | U83: =IF(AND(F83<>"",G83<>""),G83-F83,"") -> 3 | V83: =IF(AND(G83<>"",H83<>""),H83-G83,"") -> 6 | W83: =IF(AND(H83<>"",I83<>""),I83-H83,"") | X83: =IF(AND(I83<>"",J83<>""),J83-I83,"") | Y83: =IF(AND(J83<>"",K83<>""),K83-J83,"") | Z83: =IF(AND(K83<>"",M83<>""),M83-K83,"") | AA83: =IF(AND(M83<>"",N83<>""),N83-M83,"") | AB83: =IF(AND(N83<>"",O83<>""),O83-N83,"")
A84: CAND-0083 | B84: Sydney Davis | C84: JO-09 | D84: Referral | E84: R. Thompson | F84: 46162 | G84: 46163 | H84: 46169 | I84: 46187 | J84: 46189 | K84: 46193 | L84: Accepted | M84: 46196 | N84: 46204 | O84: 46208 | P84: Hired | Q84: Hired | U84: =IF(AND(F84<>"",G84<>""),G84-F84,"") -> 1 | V84: =IF(AND(G84<>"",H84<>""),H84-G84,"") -> 6 | W84: =IF(AND(H84<>"",I84<>""),I84-H84,"") -> 18 | X84: =IF(AND(I84<>"",J84<>""),J84-I84,"") -> 2 | Y84: =IF(AND(J84<>"",K84<>""),K84-J84,"") -> 4 | Z84: =IF(AND(K84<>"",M84<>""),M84-K84,"") -> 3 | AA84: =IF(AND(M84<>"",N84<>""),N84-M84,"") -> 8 | AB84: =IF(AND(N84<>"",O84<>""),O84-N84,"") -> 4
A85: CAND-0084 | B85: Skyler Green | C85: JO-09 | D85: Career Site | E85: R. Thompson | F85: 46196 | G85: 46197 | H85: 46201 | P85: Rejected | Q85: Rejected | R85: Screening | S85: Compensation mismatch | U85: =IF(AND(F85<>"",G85<>""),G85-F85,"") -> 1 | V85: =IF(AND(G85<>"",H85<>""),H85-G85,"") -> 4 | W85: =IF(AND(H85<>"",I85<>""),I85-H85,"") | X85: =IF(AND(I85<>"",J85<>""),J85-I85,"") | Y85: =IF(AND(J85<>"",K85<>""),K85-J85,"") | Z85: =IF(AND(K85<>"",M85<>""),M85-K85,"") | AA85: =IF(AND(M85<>"",N85<>""),N85-M85,"") | AB85: =IF(AND(N85<>"",O85<>""),O85-N85,"")
A86: CAND-0085 | B86: Dakota Walker | C86: JO-09 | D86: Referral | E86: R. Thompson | F86: 46100 | G86: 46102 | H86: 46107 | P86: Rejected | Q86: Rejected | R86: Screening | S86: Poor culture fit signal | U86: =IF(AND(F86<>"",G86<>""),G86-F86,"") -> 2 | V86: =IF(AND(G86<>"",H86<>""),H86-G86,"") -> 5 | W86: =IF(AND(H86<>"",I86<>""),I86-H86,"") | X86: =IF(AND(I86<>"",J86<>""),J86-I86,"") | Y86: =IF(AND(J86<>"",K86<>""),K86-J86,"") | Z86: =IF(AND(K86<>"",M86<>""),M86-K86,"") | AA86: =IF(AND(M86<>"",N86<>""),N86-M86,"") | AB86: =IF(AND(N86<>"",O86<>""),O86-N86,"")
A87: CAND-0086 | B87: Jordan Patel | C87: JO-09 | D87: Indeed | E87: R. Thompson | F87: 46109 | G87: 46113 | H87: 46117 | I87: 46132 | J87: 46133 | P87: Rejected | Q87: Rejected | R87: Interview | S87: Interview no-show | U87: =IF(AND(F87<>"",G87<>""),G87-F87,"") -> 4 | V87: =IF(AND(G87<>"",H87<>""),H87-G87,"") -> 4 | W87: =IF(AND(H87<>"",I87<>""),I87-H87,"") -> 15 | X87: =IF(AND(I87<>"",J87<>""),J87-I87,"") -> 1 | Y87: =IF(AND(J87<>"",K87<>""),K87-J87,"") | Z87: =IF(AND(K87<>"",M87<>""),M87-K87,"") | AA87: =IF(AND(M87<>"",N87<>""),N87-M87,"") | AB87: =IF(AND(N87<>"",O87<>""),O87-N87,"")
A88: CAND-0087 | B88: Morgan Patel | C88: JO-09 | D88: LinkedIn | E88: R. Thompson | F88: 46162 | G88: 46166 | H88: 46171 | I88: 46173 | J88: 46177 | P88: Rejected | Q88: Rejected | R88: Interview | S88: Interview no-show | U88: =IF(AND(F88<>"",G88<>""),G88-F88,"") -> 4 | V88: =IF(AND(G88<>"",H88<>""),H88-G88,"") -> 5 | W88: =IF(AND(H88<>"",I88<>""),I88-H88,"") -> 2 | X88: =IF(AND(I88<>"",J88<>""),J88-I88,"") -> 4 | Y88: =IF(AND(J88<>"",K88<>""),K88-J88,"") | Z88: =IF(AND(K88<>"",M88<>""),M88-K88,"") | AA88: =IF(AND(M88<>"",N88<>""),N88-M88,"") | AB88: =IF(AND(N88<>"",O88<>""),O88-N88,"")
A89: CAND-0088 | B89: Tatum Perez | C89: JO-09 | D89: Indeed | E89: R. Thompson | F89: 46065 | G89: 46067 | H89: 46073 | P89: Rejected | Q89: Rejected | R89: Screening | S89: Skills gap | U89: =IF(AND(F89<>"",G89<>""),G89-F89,"") -> 2 | V89: =IF(AND(G89<>"",H89<>""),H89-G89,"") -> 6 | W89: =IF(AND(H89<>"",I89<>""),I89-H89,"") | X89: =IF(AND(I89<>"",J89<>""),J89-I89,"") | Y89: =IF(AND(J89<>"",K89<>""),K89-J89,"") | Z89: =IF(AND(K89<>"",M89<>""),M89-K89,"") | AA89: =IF(AND(M89<>"",N89<>""),N89-M89,"") | AB89: =IF(AND(N89<>"",O89<>""),O89-N89,"")
A90: CAND-0089 | B90: Drew White | C90: JO-10 | D90: LinkedIn | E90: S. Patel | F90: 46084 | G90: 46085 | H90: 46090 | I90: 46103 | J90: 46104 | K90: 46112 | L90: Accepted | M90: 46114 | N90: 46124 | O90: 46128 | P90: Hired | Q90: Hired | U90: =IF(AND(F90<>"",G90<>""),G90-F90,"") -> 1 | V90: =IF(AND(G90<>"",H90<>""),H90-G90,"") -> 5 | W90: =IF(AND(H90<>"",I90<>""),I90-H90,"") -> 13 | X90: =IF(AND(I90<>"",J90<>""),J90-I90,"") -> 1 | Y90: =IF(AND(J90<>"",K90<>""),K90-J90,"") -> 8 | Z90: =IF(AND(K90<>"",M90<>""),M90-K90,"") -> 2 | AA90: =IF(AND(M90<>"",N90<>""),N90-M90,"") -> 10 | AB90: =IF(AND(N90<>"",O90<>""),O90-N90,"") -> 4
A91: CAND-0090 | B91: Logan Wright | C91: JO-10 | D91: Indeed | E91: S. Patel | F91: 46160 | G91: 46163 | P91: Rejected | Q91: Rejected | R91: Recruiter Review | S91: Underqualified | U91: =IF(AND(F91<>"",G91<>""),G91-F91,"") -> 3 | V91: =IF(AND(G91<>"",H91<>""),H91-G91,"") | W91: =IF(AND(H91<>"",I91<>""),I91-H91,"") | X91: =IF(AND(I91<>"",J91<>""),J91-I91,"") | Y91: =IF(AND(J91<>"",K91<>""),K91-J91,"") | Z91: =IF(AND(K91<>"",M91<>""),M91-K91,"") | AA91: =IF(AND(M91<>"",N91<>""),N91-M91,"") | AB91: =IF(AND(N91<>"",O91<>""),O91-N91,"")
A92: CAND-0091 | B92: Blake Anderson | C92: JO-10 | D92: Career Site | E92: S. Patel | F92: 46171 | G92: 46174 | P92: Rejected | Q92: Rejected | R92: Recruiter Review | S92: Underqualified | U92: =IF(AND(F92<>"",G92<>""),G92-F92,"") -> 3 | V92: =IF(AND(G92<>"",H92<>""),H92-G92,"") | W92: =IF(AND(H92<>"",I92<>""),I92-H92,"") | X92: =IF(AND(I92<>"",J92<>""),J92-I92,"") | Y92: =IF(AND(J92<>"",K92<>""),K92-J92,"") | Z92: =IF(AND(K92<>"",M92<>""),M92-K92,"") | AA92: =IF(AND(M92<>"",N92<>""),N92-M92,"") | AB92: =IF(AND(N92<>"",O92<>""),O92-N92,"")
A93: CAND-0092 | B93: Rowan Green | C93: JO-10 | D93: Indeed | E93: S. Patel | F93: 46188 | G93: 46189 | H93: 46193 | I93: 46205 | J93: 46210 | K93: 46217 | L93: Accepted | M93: 46227 | N93: 46235 | O93: 46238 | P93: Hired | Q93: Hired | U93: =IF(AND(F93<>"",G93<>""),G93-F93,"") -> 1 | V93: =IF(AND(G93<>"",H93<>""),H93-G93,"") -> 4 | W93: =IF(AND(H93<>"",I93<>""),I93-H93,"") -> 12 | X93: =IF(AND(I93<>"",J93<>""),J93-I93,"") -> 5 | Y93: =IF(AND(J93<>"",K93<>""),K93-J93,"") -> 7 | Z93: =IF(AND(K93<>"",M93<>""),M93-K93,"") -> 10 | AA93: =IF(AND(M93<>"",N93<>""),N93-M93,"") -> 8 | AB93: =IF(AND(N93<>"",O93<>""),O93-N93,"") -> 3
A94: CAND-0093 | B94: Rowan Brown | C94: JO-10 | D94: LinkedIn | E94: S. Patel | F94: 46104 | G94: 46106 | H94: 46108 | I94: 46113 | J94: 46118 | K94: 46124 | L94: Accepted | M94: 46131 | N94: 46139 | O94: 46141 | P94: Hired | Q94: Hired | U94: =IF(AND(F94<>"",G94<>""),G94-F94,"") -> 2 | V94: =IF(AND(G94<>"",H94<>""),H94-G94,"") -> 2 | W94: =IF(AND(H94<>"",I94<>""),I94-H94,"") -> 5 | X94: =IF(AND(I94<>"",J94<>""),J94-I94,"") -> 5 | Y94: =IF(AND(J94<>"",K94<>""),K94-J94,"") -> 6 | Z94: =IF(AND(K94<>"",M94<>""),M94-K94,"") -> 7 | AA94: =IF(AND(M94<>"",N94<>""),N94-M94,"") -> 8 | AB94: =IF(AND(N94<>"",O94<>""),O94-N94,"") -> 2
A95: CAND-0094 | B95: Sawyer Baker | C95: JO-10 | D95: Indeed | E95: S. Patel | F95: 46124 | G95: 46129 | P95: Rejected | Q95: Rejected | R95: Recruiter Review | S95: Salary expectations too high | U95: =IF(AND(F95<>"",G95<>""),G95-F95,"") -> 5 | V95: =IF(AND(G95<>"",H95<>""),H95-G95,"") | W95: =IF(AND(H95<>"",I95<>""),I95-H95,"") | X95: =IF(AND(I95<>"",J95<>""),J95-I95,"") | Y95: =IF(AND(J95<>"",K95<>""),K95-J95,"") | Z95: =IF(AND(K95<>"",M95<>""),M95-K95,"") | AA95: =IF(AND(M95<>"",N95<>""),N95-M95,"") | AB95: =IF(AND(N95<>"",O95<>""),O95-N95,"")
A96: CAND-0095 | B96: Casey Lewis | C96: JO-10 | D96: Referral | E96: S. Patel | F96: 46063 | G96: 46064 | H96: 46068 | P96: Rejected | Q96: Rejected | R96: Screening | S96: Skills gap | U96: =IF(AND(F96<>"",G96<>""),G96-F96,"") -> 1 | V96: =IF(AND(G96<>"",H96<>""),H96-G96,"") -> 4 | W96: =IF(AND(H96<>"",I96<>""),I96-H96,"") | X96: =IF(AND(I96<>"",J96<>""),J96-I96,"") | Y96: =IF(AND(J96<>"",K96<>""),K96-J96,"") | Z96: =IF(AND(K96<>"",M96<>""),M96-K96,"") | AA96: =IF(AND(M96<>"",N96<>""),N96-M96,"") | AB96: =IF(AND(N96<>"",O96<>""),O96-N96,"")
A97: CAND-0096 | B97: Wren King | C97: JO-10 | D97: Referral | E97: S. Patel | F97: 46195 | G97: 46196 | H97: 46202 | I97: 46219 | J97: 46220 | K97: 46225 | L97: Accepted | M97: 46228 | N97: 46233 | P97: Rejected | Q97: Rejected | R97: Background Check | S97: Failed background check | U97: =IF(AND(F97<>"",G97<>""),G97-F97,"") -> 1 | V97: =IF(AND(G97<>"",H97<>""),H97-G97,"") -> 6 | W97: =IF(AND(H97<>"",I97<>""),I97-H97,"") -> 17 | X97: =IF(AND(I97<>"",J97<>""),J97-I97,"") -> 1 | Y97: =IF(AND(J97<>"",K97<>""),K97-J97,"") -> 5 | Z97: =IF(AND(K97<>"",M97<>""),M97-K97,"") -> 3 | AA97: =IF(AND(M97<>"",N97<>""),N97-M97,"") -> 5 | AB97: =IF(AND(N97<>"",O97<>""),O97-N97,"")
A98: CAND-0097 | B98: Micah Baker | C98: JO-10 | D98: Referral | E98: S. Patel | F98: 46094 | G98: 46097 | H98: 46101 | I98: 46103 | J98: 46104 | K98: 46111 | L98: Accepted | M98: 46119 | N98: 46124 | O98: 46127 | P98: Hired | Q98: Hired | U98: =IF(AND(F98<>"",G98<>""),G98-F98,"") -> 3 | V98: =IF(AND(G98<>"",H98<>""),H98-G98,"") -> 4 | W98: =IF(AND(H98<>"",I98<>""),I98-H98,"") -> 2 | X98: =IF(AND(I98<>"",J98<>""),J98-I98,"") -> 1 | Y98: =IF(AND(J98<>"",K98<>""),K98-J98,"") -> 7 | Z98: =IF(AND(K98<>"",M98<>""),M98-K98,"") -> 8 | AA98: =IF(AND(M98<>"",N98<>""),N98-M98,"") -> 5 | AB98: =IF(AND(N98<>"",O98<>""),O98-N98,"") -> 3

Sheet Job Openings
A1: JobOpeningID | B1: Title | C1: Department | D1: Recruiter | E1: Applicants | F1: Hired | G1: Status
A2: JO-01 | B2: Process Engineer II | C2: Manufacturing | D2: J. Alvarez | E2: =COUNTIF(Candidates!$C$2:$C$98,A2) -> 6 | F2: =COUNTIFS(Candidates!$C$2:$C$98,A2,Candidates!$Q$2:$Q$98,"Hired") -> 2 | G2: Open
A3: JO-02 | B3: Yield Engineer | C3: Manufacturing | D3: M. Chen | E3: =COUNTIF(Candidates!$C$2:$C$98,A3) -> 14 | F3: =COUNTIFS(Candidates!$C$2:$C$98,A3,Candidates!$Q$2:$Q$98,"Hired") -> 7 | G3: Open
A4: JO-03 | B4: Test Engineer | C4: Quality | D4: J. Alvarez | E4: =COUNTIF(Candidates!$C$2:$C$98,A4) -> 9 | F4: =COUNTIFS(Candidates!$C$2:$C$98,A4,Candidates!$Q$2:$Q$98,"Hired") -> 2 | G4: Open
A5: JO-04 | B5: Equipment Engineer | C5: Manufacturing | D5: M. Chen | E5: =COUNTIF(Candidates!$C$2:$C$98,A5) -> 10 | F5: =COUNTIFS(Candidates!$C$2:$C$98,A5,Candidates!$Q$2:$Q$98,"Hired") -> 5 | G5: Open
A6: JO-05 | B6: DFT Engineer | C6: Design | D6: J. Alvarez | E6: =COUNTIF(Candidates!$C$2:$C$98,A6) -> 6 | F6: =COUNTIFS(Candidates!$C$2:$C$98,A6,Candidates!$Q$2:$Q$98,"Hired") -> 3 | G6: Open
A7: JO-06 | B7: Quality Engineer | C7: Quality | D7: M. Chen | E7: =COUNTIF(Candidates!$C$2:$C$98,A7) -> 10 | F7: =COUNTIFS(Candidates!$C$2:$C$98,A7,Candidates!$Q$2:$Q$98,"Hired") -> 4 | G7: Open
A8: JO-07 | B8: Supply Chain Analyst | C8: Operations | D8: R. Thompson | E8: =COUNTIF(Candidates!$C$2:$C$98,A8) -> 14 | F8: =COUNTIFS(Candidates!$C$2:$C$98,A8,Candidates!$Q$2:$Q$98,"Hired") -> 7 | G8: Open
A9: JO-08 | B9: Software Engineer, Tools | C9: Engineering | D9: M. Chen | E9: =COUNTIF(Candidates!$C$2:$C$98,A9) -> 12 | F9: =COUNTIFS(Candidates!$C$2:$C$98,A9,Candidates!$Q$2:$Q$98,"Hired") -> 4 | G9: Open
A10: JO-09 | B10: Data Analyst, Ops | C10: Operations | D10: R. Thompson | E10: =COUNTIF(Candidates!$C$2:$C$98,A10) -> 7 | F10: =COUNTIFS(Candidates!$C$2:$C$98,A10,Candidates!$Q$2:$Q$98,"Hired") -> 1 | G10: Open
A11: JO-10 | B11: Manufacturing Technician | C11: Manufacturing | D11: S. Patel | E11: =COUNTIF(Candidates!$C$2:$C$98,A11) -> 9 | F11: =COUNTIFS(Candidates!$C$2:$C$98,A11,Candidates!$Q$2:$Q$98,"Hired") -> 4 | G11: Open

Sheet Metrics Dashboard
B2: Recruiting Funnel — KPI Dashboard
B3: All figures calculated live from the Candidates sheet via formula
B5: 1. Time-to-Hire (avg calendar days, Application -> Hire, Hired candidates only)
B6: Average Time-to-Hire (days) | D6: =SUMPRODUCT((Candidates!$Q$2:$Q$98="Hired")*(Candidates!$O$2:$O$98<>"")*(Candidates!$O$2:$O$98-Candidates!$F$2:$F$98))/SUMPRODUCT((Candidates!$Q$2:$Q$98="Hired")*(Candidates!$O$2:$O$98<>"")) -> 40.923077
B8: 2. Applicants per Opening
B9: Average applicants per opening | D9: =COUNTA(Candidates!$C$2:$C$98)/COUNTA('Job Openings'!$A$2:$A$11) -> 9.7 | E9: See Job Openings sheet, column E, for the per-opening breakdown
B11: 3. Interview-to-Offer Ratio
B12: Reached Interview (count) | D12: =COUNTIF(Candidates!$J$2:$J$98,"<>") -> 66
B13: Received Offer (count) | D13: =COUNTIF(Candidates!$K$2:$K$98,"<>") -> 46
B14: Interview-to-Offer Ratio | D14: =D13/D12 -> 0.6969697 | E14: Share of interviewed candidates who got an offer
B16: 4. Offer Acceptance Rate
B17: Offers Extended (count) | D17: =COUNTIF(Candidates!$K$2:$K$98,"<>") -> 46
B18: Offers Accepted (count) | D18: =COUNTIF(Candidates!$L$2:$L$98,"Accepted") -> 41
B19: Offer Acceptance Rate | D19: =D18/D17 -> 0.89130435
B21: 5. Hiring-Source Effectiveness (Hired / Applied, by source)
B22: Source | C22: Applied | D22: Hired | E22: Effectiveness
B23: Career Site | C23: =COUNTIF(Candidates!$D$2:$D$98,B23) -> 14 | D23: =COUNTIFS(Candidates!$D$2:$D$98,B23,Candidates!$Q$2:$Q$98,"Hired") -> 3 | E23: =D23/C23 -> 0.21428571
B24: Indeed | C24: =COUNTIF(Candidates!$D$2:$D$98,B24) -> 33 | D24: =COUNTIFS(Candidates!$D$2:$D$98,B24,Candidates!$Q$2:$Q$98,"Hired") -> 13 | E24: =D24/C24 -> 0.39393939
B25: LinkedIn | C25: =COUNTIF(Candidates!$D$2:$D$98,B25) -> 31 | D25: =COUNTIFS(Candidates!$D$2:$D$98,B25,Candidates!$Q$2:$Q$98,"Hired") -> 14 | E25: =D25/C25 -> 0.4516129
B26: Referral | C26: =COUNTIF(Candidates!$D$2:$D$98,B26) -> 15 | D26: =COUNTIFS(Candidates!$D$2:$D$98,B26,Candidates!$Q$2:$Q$98,"Hired") -> 6 | E26: =D26/C26 -> 0.4
B27: University Fair | C27: =COUNTIF(Candidates!$D$2:$D$98,B27) -> 4 | D27: =COUNTIFS(Candidates!$D$2:$D$98,B27,Candidates!$Q$2:$Q$98,"Hired") -> 3 | E27: =D27/C27 -> 0.75
B29: 6. Recruiter Workload (active candidates currently owned)
B30: Recruiter | C30: Active Candidates | D30: Total Ever Assigned
B31: J. Alvarez | C31: =COUNTIFS(Candidates!$E$2:$E$98,B31,Candidates!$P$2:$P$98,"<>Hired",Candidates!$P$2:$P$98,"<>Rejected") -> 0 | D31: =COUNTIF(Candidates!$E$2:$E$98,B31) -> 21
B32: M. Chen | C32: =COUNTIFS(Candidates!$E$2:$E$98,B32,Candidates!$P$2:$P$98,"<>Hired",Candidates!$P$2:$P$98,"<>Rejected") -> 0 | D32: =COUNTIF(Candidates!$E$2:$E$98,B32) -> 46
B33: S. Patel | C33: =COUNTIFS(Candidates!$E$2:$E$98,B33,Candidates!$P$2:$P$98,"<>Hired",Candidates!$P$2:$P$98,"<>Rejected") -> 0 | D33: =COUNTIF(Candidates!$E$2:$E$98,B33) -> 9
B34: R. Thompson | C34: =COUNTIFS(Candidates!$E$2:$E$98,B34,Candidates!$P$2:$P$98,"<>Hired",Candidates!$P$2:$P$98,"<>Rejected") -> 0 | D34: =COUNTIF(Candidates!$E$2:$E$98,B34) -> 21
B35: K. Osei | C35: =COUNTIFS(Candidates!$E$2:$E$98,B35,Candidates!$P$2:$P$98,"<>Hired",Candidates!$P$2:$P$98,"<>Rejected") -> 0 | D35: =COUNTIF(Candidates!$E$2:$E$98,B35) -> 0
B37: 7. Candidate Drop-off Stage (where rejected candidates exit)
B38: Stage | C38: Rejections | D38: % of All Rejections
B39: Recruiter Review | C39: =COUNTIF(Candidates!$R$2:$R$98,B39) -> 18 | D39: =C39/$C$44 -> 0.31034483
B40: Screening | C40: =COUNTIF(Candidates!$R$2:$R$98,B40) -> 13 | D40: =C40/$C$44 -> 0.22413793
B41: Interview | C41: =COUNTIF(Candidates!$R$2:$R$98,B41) -> 20 | D41: =C41/$C$44 -> 0.34482759
B42: Offer | C42: =COUNTIF(Candidates!$R$2:$R$98,B42) -> 5 | D42: =C42/$C$44 -> 0.086206897
B43: Background Check | C43: =COUNTIF(Candidates!$R$2:$R$98,B43) -> 2 | D43: =C43/$C$44 -> 0.034482759
B44: Total Rejected | C44: =COUNTIF(Candidates!$Q$2:$Q$98,"Rejected") -> 58

Sheet Stage Duration Analysis
B2: Stage Duration Analysis — Where Time Is Lost
B3: Average calendar days spent in each transition, all candidates who reached that stage
B5: Transition | C5: Avg Days | D5: Max Days | E5: Candidates ≥10 days | F5: % Delayed (≥10 days)
B6: Application -> Recruiter Review | C6: =AVERAGE(Candidates!$U$2:$U$98) -> 3.0824742 | D6: =MAX(Candidates!$U$2:$U$98) -> 5 | E6: =COUNTIF(Candidates!$U$2:$U$98,">=10") -> 0 | F6: =E6/COUNT(Candidates!$U$2:$U$98) -> 0
B8: Recruiter Review -> Screening | C8: =AVERAGE(Candidates!$V$2:$V$98) -> 4.3417722 | D8: =MAX(Candidates!$V$2:$V$98) -> 6 | E8: =COUNTIF(Candidates!$V$2:$V$98,">=10") -> 0 | F8: =E8/COUNT(Candidates!$V$2:$V$98) -> 0
B10: Screening -> Interview Scheduled | C10: =AVERAGE(Candidates!$W$2:$W$98) -> 9.0909091 | D10: =MAX(Candidates!$W$2:$W$98) -> 19 | E10: =COUNTIF(Candidates!$W$2:$W$98,">=10") -> 33 | F10: =E10/COUNT(Candidates!$W$2:$W$98) -> 0.5
B12: Interview Scheduled -> Completed | C12: =AVERAGE(Candidates!$X$2:$X$98) -> 3.1212121 | D12: =MAX(Candidates!$X$2:$X$98) -> 6 | E12: =COUNTIF(Candidates!$X$2:$X$98,">=10") -> 0 | F12: =E12/COUNT(Candidates!$X$2:$X$98) -> 0
B14: Interview Completed -> Offer | C14: =AVERAGE(Candidates!$Y$2:$Y$98) -> 5.2826087 | D14: =MAX(Candidates!$Y$2:$Y$98) -> 8 | E14: =COUNTIF(Candidates!$Y$2:$Y$98,">=10") -> 0 | F14: =E14/COUNT(Candidates!$Y$2:$Y$98) -> 0
B16: Offer Extended -> Response | C16: =AVERAGE(Candidates!$Z$2:$Z$98) -> 5.9130435 | D16: =MAX(Candidates!$Z$2:$Z$98) -> 10 | E16: =COUNTIF(Candidates!$Z$2:$Z$98,">=10") -> 4 | F16: =E16/COUNT(Candidates!$Z$2:$Z$98) -> 0.086956522
B18: Offer Accepted -> Background Check | C18: =AVERAGE(Candidates!$AA$2:$AA$98) -> 7.0731707 | D18: =MAX(Candidates!$AA$2:$AA$98) -> 10 | E18: =COUNTIF(Candidates!$AA$2:$AA$98,">=10") -> 8 | F18: =E18/COUNT(Candidates!$AA$2:$AA$98) -> 0.19512195
B20: Background Check -> Hire | C20: =AVERAGE(Candidates!$AB$2:$AB$98) -> 3.6153846 | D20: =MAX(Candidates!$AB$2:$AB$98) -> 5 | E20: =COUNTIF(Candidates!$AB$2:$AB$98,">=10") -> 0 | F20: =E20/COUNT(Candidates!$AB$2:$AB$98) -> 0
B23: Insight:
B24: The 'Screening -> Interview Scheduled' row shows the highest % Delayed. That gap is hiring-manager calendar backlog, not recruiter or candidate delay — it's the highest-leverage fix for reducing overall time-to-hire.
